1_mean,2_mean,3_mean,4_mean,5_mean,6_mean,7_mean,8_mean,1_std,2_std,3_std,4_std,5_std,6_std,7_std,8_std
0.001840,-0.003298,-0.005154,-0.002666,0.004490,-0.004951,-0.017701,-0.028263,0.335485,0.628556,0.680411,0.641410,0.634269,0.663657,0.690130,0.620117
1_mean,2_mean,3_mean,4_mean,5_mean,6_mean,7_mean,8_mean,1_std,2_std,3_std,4_std,5_std,6_std,7_std,8_std
0.001840,-0.003298,-0.005154,-0.002666,0.004490,-0.004951,-0.017701,-0.028263,0.335485,0.628556,0.680411,0.641410,0.634269,0.663657,0.690130,0.620117
0.009578,-0.009801,-0.001021,0.001721,-0.003312,-0.013320,-0.019902,-0.028233,0.276018,0.596618,0.652474,0.606454,0.588692,0.636442,0.682256,0.612462
1_mean,2_mean,3_mean,4_mean,5_mean,6_mean,7_mean,8_mean,1_std,2_std,3_std,4_std,5_std,6_std,7_std,8_std
1_mean,2_mean,3_mean,4_mean,5_mean,6_mean,7_mean,8_mean,1_std,2_std,3_std,4_std,5_std,6_std,7_std,8_std
1_mean,2_mean,3_mean,4_mean,5_mean,6_mean,7_mean,8_mean,1_std,2_std,3_std,4_std,5_std,6_std,7_std,8_std
0.001840,-0.003298,-0.005154,-0.002666,0.004490,-0.004951,-0.017701,-0.028263,0.335485,0.628556,0.680411,0.641410,0.634269,0.663657,0.690130,0.620117
0.009578,-0.009801,-0.001021,0.001721,-0.003312,-0.013320,-0.019902,-0.028233,0.276018,0.596618,0.652474,0.606454,0.588692,0.636442,0.682256,0.612462
1_mean,2_mean,3_mean,4_mean,5_mean,6_mean,7_mean,8_mean,1_std,2_std,3_std,4_std,5_std,6_std,7_std,8_std
1_mean,2_mean,3_mean,4_mean,5_mean,6_mean,7_mean,8_mean,1_std,2_std,3_std,4_std,5_std,6_std,7_std,8_std
0.008921,-0.013237,0.002819,0.000755,-0.004468,-0.004302,-0.021134,-0.004416,0.351507,0.634201,0.639977,0.653928,0.668499,0.661542,0.689969,0.631353
0.010375,-0.014283,0.006832,0.000833,-0.008583,-0.011743,-0.023057,-0.005309,0.271084,0.573141,0.601233,0.612035,0.631950,0.630310,0.682716,0.620058
0.009627,-0.021057,0.005074,-0.005555,-0.013460,-0.014872,-0.024647,-0.003577,0.258586,0.506550,0.570748,0.580493,0.591706,0.612050,0.677967,0.616712
0.004101,-0.018904,0.000223,-0.005747,-0.014344,-0.016620,-0.025548,-0.001968,0.267179,0.468123,0.548608,0.560547,0.559418,0.597194,0.674215,0.611656
-0.001357,-0.021503,0.002139,-0.008479,-0.016127,-0.018862,-0.026262,-0.001368,0.269794,0.442300,0.529032,0.545450,0.533572,0.584511,0.671462,0.609059
1_mean,2_mean,3_mean,4_mean,5_mean,6_mean,7_mean,8_mean,1_std,2_std,3_std,4_std,5_std,6_std,7_std,8_std
0.001840,-0.003298,-0.005154,-0.002666,0.004490,-0.004951,-0.017701,-0.028263,0.335485,0.628556,0.680411,0.641410,0.634269,0.663657,0.690130,0.620117
0.009578,-0.009801,-0.001021,0.001721,-0.003312,-0.013320,-0.019902,-0.028233,0.276018,0.596618,0.652474,0.606454,0.588692,0.636442,0.682256,0.612462
0.009825,-0.011628,0.005633,-0.004678,-0.007660,-0.017485,-0.022040,-0.026025,0.263893,0.544769,0.595663,0.574122,0.553824,0.614347,0.677053,0.607254
0.001836,-0.019215,0.004787,0.001673,-0.010237,-0.019646,-0.023101,-0.025447,0.264209,0.502172,0.551377,0.556240,0.527727,0.598105,0.672873,0.605134
-0.007824,-0.016401,0.003323,-0.008954,-0.011098,-0.022079,-0.023394,-0.023903,0.264950,0.470316,0.521795,0.543658,0.504837,0.586393,0.670167,0.601539
1_mean,2_mean,3_mean,4_mean,5_mean,6_mean,7_mean,8_mean,1_std,2_std,3_std,4_std,5_std,6_std,7_std,8_std
1_mean,2_mean,3_mean,4_mean,5_mean,6_mean,7_mean,8_mean,1_std,2_std,3_std,4_std,5_std,6_std,7_std,8_std
1_mean,2_mean,3_mean,4_mean,5_mean,6_mean,7_mean,8_mean,1_std,2_std,3_std,4_std,5_std,6_std,7_std,8_std
1_mean,2_mean,3_mean,4_mean,5_mean,6_mean,7_mean,8_mean,1_std,2_std,3_std,4_std,5_std,6_std,7_std,8_std
0.001840,-0.003298,-0.005154,-0.002666,0.004490,-0.004951,-0.017701,-0.028263,0.335485,0.628556,0.680411,0.641410,0.634269,0.663657,0.690130,0.620117
0.009578,-0.009801,-0.001021,0.001721,-0.003312,-0.013320,-0.019902,-0.028233,0.276018,0.596618,0.652474,0.606454,0.588692,0.636442,0.682256,0.612462
0.009825,-0.011628,0.005633,-0.004678,-0.007660,-0.017485,-0.022040,-0.026025,0.263893,0.544769,0.595663,0.574122,0.553824,0.614347,0.677053,0.607254
0.001836,-0.019215,0.004787,0.001673,-0.010237,-0.019646,-0.023101,-0.025447,0.264209,0.502172,0.551377,0.556240,0.527727,0.598105,0.672873,0.605134
-0.007824,-0.016401,0.003323,-0.008954,-0.011098,-0.022079,-0.023394,-0.023903,0.264950,0.470316,0.521795,0.543658,0.504837,0.586393,0.670167,0.601539
1_mean,2_mean,3_mean,4_mean,5_mean,6_mean,7_mean,8_mean,1_std,2_std,3_std,4_std,5_std,6_std,7_std,8_std
1_mean,2_mean,3_mean,4_mean,5_mean,6_mean,7_mean,8_mean,1_std,2_std,3_std,4_std,5_std,6_std,7_std,8_std
1_mean,2_mean,3_mean,4_mean,5_mean,6_mean,7_mean,8_mean,1_std,2_std,3_std,4_std,5_std,6_std,7_std,8_std
1_mean,2_mean,3_mean,4_mean,5_mean,6_mean,7_mean,8_mean,1_std,2_std,3_std,4_std,5_std,6_std,7_std,8_std
1_mean,2_mean,3_mean,4_mean,5_mean,6_mean,7_mean,8_mean,1_std,2_std,3_std,4_std,5_std,6_std,7_std,8_std
1_mean,2_mean,3_mean,4_mean,5_mean,6_mean,7_mean,8_mean,1_std,2_std,3_std,4_std,5_std,6_std,7_std,8_std
0.009741,-0.002616,0.010579,0.001565,-0.005153,-0.013569,-0.038261,-0.022797,0.292074,0.531805,0.563375,0.551105,0.574623,0.578002,0.668121,0.626882
1_mean,2_mean,3_mean,4_mean,5_mean,6_mean,7_mean,8_mean,1_std,2_std,3_std,4_std,5_std,6_std,7_std,8_std
0.006765,-0.016014,0.009660,-0.022663,-0.009430,-0.019293,-0.024298,-0.011947,0.257151,0.425603,0.426741,0.475481,0.512338,0.571890,0.671529,0.597751
0.010385,-0.018665,-0.002378,-0.036852,-0.009923,-0.025679,-0.030906,-0.008775,0.251588,0.331726,0.356282,0.427225,0.408816,0.479234,0.648872,0.583745
0.008806,-0.026727,-0.000129,-0.039640,-0.010013,-0.032306,-0.038965,-0.007954,0.264444,0.323516,0.338648,0.405710,0.362162,0.429689,0.635934,0.574236
-0.001023,-0.027623,-0.002226,-0.036763,-0.009807,-0.033794,-0.045185,-0.007030,0.275343,0.344545,0.319650,0.391082,0.345454,0.399694,0.626472,0.565487
-0.000120,-0.026581,0.002592,-0.044596,-0.010765,-0.034538,-0.053983,-0.005782,0.289830,0.337740,0.327039,0.396554,0.340216,0.374402,0.630406,0.555323
1_mean,2_mean,3_mean,4_mean,5_mean,6_mean,7_mean,8_mean,1_std,2_std,3_std,4_std,5_std,6_std,7_std,8_std
0.009741,-0.002616,0.010579,0.001565,-0.005153,-0.013569,-0.038261,-0.022797,0.292074,0.531805,0.563375,0.551105,0.574623,0.578002,0.668121,0.626882
0.011355,-0.000724,0.012105,-0.009989,-0.007476,-0.018159,-0.044804,-0.022361,0.258050,0.396638,0.425201,0.446922,0.466905,0.487832,0.650170,0.617216
0.005379,-0.008275,0.011065,-0.013646,-0.006865,-0.022288,-0.051534,-0.021410,0.251149,0.342533,0.368284,0.403645,0.404487,0.432124,0.643012,0.615103
-0.006851,-0.013631,0.011087,-0.017787,-0.006600,-0.023995,-0.056823,-0.021404,0.261205,0.329320,0.355455,0.390018,0.364639,0.395932,0.642680,0.611845
0.008030,-0.017666,0.007415,-0.025489,-0.005573,-0.025955,-0.059269,-0.021645,0.265335,0.325450,0.340309,0.382150,0.339501,0.368961,0.636323,0.609122
0.003923,-0.012121,0.012736,-0.017339,-0.005141,-0.025267,-0.060950,-0.020534,0.273765,0.330131,0.334204,0.357173,0.327413,0.349622,0.636749,0.605623
0.004488,-0.013275,0.005782,-0.018870,-0.005574,-0.025940,-0.063462,-0.019698,0.282662,0.331622,0.325138,0.351070,0.321494,0.335827,0.632938,0.602128
0.000178,-0.020081,0.008581,-0.021197,-0.004709,-0.026117,-0.065099,-0.018963,0.290137,0.333845,0.320461,0.347434,0.318456,0.326115,0.631423,0.601418
0.000083,-0.012280,0.007149,-0.017172,-0.005136,-0.025496,-0.066174,-0.019124,0.293616,0.329598,0.314815,0.349593,0.316798,0.318443,0.637295,0.599335
0.003391,-0.017751,0.012572,-0.017304,-0.005109,-0.025532,-0.066680,-0.019444,0.294510,0.330786,0.316320,0.348305,0.315456,0.311736,0.633636,0.598768
1_mean,2_mean,3_mean,4_mean,5_mean,6_mean,7_mean,8_mean,1_std,2_std,3_std,4_std,5_std,6_std,7_std,8_std
1_mean,2_mean,3_mean,4_mean,5_mean,6_mean,7_mean,8_mean,1_std,2_std,3_std,4_std,5_std,6_std,7_std,8_std
0.009741,-0.002616,0.010579,0.001565,-0.005153,-0.013569,-0.038261,-0.022797,0.292074,0.531805,0.563375,0.551105,0.574623,0.578002,0.668121,0.626882
0.011355,-0.000724,0.012105,-0.009989,-0.007476,-0.018159,-0.044804,-0.022361,0.258050,0.396638,0.425201,0.446922,0.466905,0.487832,0.650170,0.617216
0.005379,-0.008275,0.011065,-0.013646,-0.006865,-0.022288,-0.051534,-0.021410,0.251149,0.342533,0.368284,0.403645,0.404487,0.432124,0.643012,0.615103
-0.006851,-0.013631,0.011087,-0.017787,-0.006600,-0.023995,-0.056823,-0.021404,0.261205,0.329320,0.355455,0.390018,0.364639,0.395932,0.642680,0.611845
0.008030,-0.017666,0.007415,-0.025489,-0.005573,-0.025955,-0.059269,-0.021645,0.265335,0.325450,0.340309,0.382150,0.339501,0.368961,0.636323,0.609122
0.003923,-0.012121,0.012736,-0.017339,-0.005141,-0.025267,-0.060950,-0.020534,0.273765,0.330131,0.334204,0.357173,0.327413,0.349622,0.636749,0.605623
0.004488,-0.013275,0.005782,-0.018870,-0.005574,-0.025940,-0.063462,-0.019698,0.282662,0.331622,0.325138,0.351070,0.321494,0.335827,0.632938,0.602128
0.000178,-0.020081,0.008581,-0.021197,-0.004709,-0.026117,-0.065099,-0.018963,0.290137,0.333845,0.320461,0.347434,0.318456,0.326115,0.631423,0.601418
0.000083,-0.012280,0.007149,-0.017172,-0.005136,-0.025496,-0.066174,-0.019124,0.293616,0.329598,0.314815,0.349593,0.316798,0.318443,0.637295,0.599335
0.003391,-0.017751,0.012572,-0.017304,-0.005109,-0.025532,-0.066680,-0.019444,0.294510,0.330786,0.316320,0.348305,0.315456,0.311736,0.633636,0.598768
-0.001540,-0.016372,0.011655,-0.016798,-0.001230,-0.024770,-0.065846,-0.018902,0.289673,0.324516,0.313203,0.350304,0.311434,0.306854,0.630720,0.598328
-0.008310,-0.019436,0.013976,-0.013334,-0.003669,-0.024201,-0.067560,-0.017474,0.286178,0.330629,0.315813,0.366251,0.309824,0.302761,0.625590,0.595791
-0.012254,-0.018369,0.011522,-0.015136,-0.001900,-0.025069,-0.067988,-0.017660,0.294358,0.326234,0.322274,0.364934,0.309000,0.299316,0.625029,0.596092
-0.002428,-0.022510,0.014649,-0.019623,-0.002859,-0.023936,-0.068585,-0.018985,0.291658,0.317175,0.318154,0.364204,0.307107,0.295534,0.627400,0.595250
0.003384,-0.022833,0.017264,-0.014528,-0.000970,-0.023563,-0.070108,-0.019254,0.289641,0.315784,0.328963,0.368943,0.307864,0.292055,0.626379,0.593134
1_mean,2_mean,3_mean,4_mean,5_mean,6_mean,7_mean,8_mean,1_std,2_std,3_std,4_std,5_std,6_std,7_std,8_std
0.011342,-0.006421,0.004047,0.008993,0.001593,-0.009816,-0.020168,-0.041004,0.318024,0.557541,0.555068,0.556546,0.561495,0.619372,0.677818,0.636598
-0.000123,-0.008790,0.011131,-0.002752,-0.003471,-0.016146,-0.025319,-0.038061,0.254326,0.428264,0.442474,0.454026,0.456429,0.545937,0.660082,0.622758
0.010028,-0.013291,0.010618,-0.010245,-0.004293,-0.020284,-0.029722,-0.037737,0.245022,0.353182,0.387345,0.407361,0.392247,0.489967,0.647282,0.617601
0.003340,-0.014110,0.016674,-0.000915,-0.001277,-0.020779,-0.032894,-0.036598,0.247884,0.324034,0.355060,0.375811,0.354764,0.449691,0.638316,0.613057
0.006360,-0.020362,0.014739,-0.008785,-0.003464,-0.023568,-0.035275,-0.035715,0.250698,0.306549,0.336491,0.363212,0.336290,0.421743,0.631184,0.609375
1_mean,2_mean,3_mean,4_mean,5_mean,6_mean,7_mean,8_mean,1_std,2_std,3_std,4_std,5_std,6_std,7_std,8_std
1_mean,2_mean,3_mean,4_mean,5_mean,6_mean,7_mean,8_mean,1_std,2_std,3_std,4_std,5_std,6_std,7_std,8_std
0.009741,-0.002616,0.010579,0.001565,-0.005153,-0.013569,-0.038261,-0.022797,0.292074,0.531805,0.563375,0.551105,0.574623,0.578002,0.668121,0.626882
0.011355,-0.000724,0.012105,-0.009989,-0.007476,-0.018159,-0.044804,-0.022361,0.258050,0.396638,0.425201,0.446922,0.466905,0.487832,0.650170,0.617216
0.005379,-0.008275,0.011065,-0.013646,-0.006865,-0.022288,-0.051534,-0.021410,0.251149,0.342533,0.368284,0.403645,0.404487,0.432124,0.643012,0.615103
-0.006851,-0.013631,0.011087,-0.017787,-0.006600,-0.023995,-0.056823,-0.021404,0.261205,0.329320,0.355455,0.390018,0.364639,0.395932,0.642680,0.611845
0.008030,-0.017666,0.007415,-0.025489,-0.005573,-0.025955,-0.059269,-0.021645,0.265335,0.325450,0.340309,0.382150,0.339501,0.368961,0.636323,0.609122
0.003923,-0.012121,0.012736,-0.017339,-0.005141,-0.025267,-0.060950,-0.020534,0.273765,0.330131,0.334204,0.357173,0.327413,0.349622,0.636749,0.605623
1_mean,2_mean,3_mean,4_mean,5_mean,6_mean,7_mean,8_mean,1_std,2_std,3_std,4_std,5_std,6_std,7_std,8_std
0.011342,-0.006421,0.004047,0.008993,0.001593,-0.009816,-0.020168,-0.041004,0.318024,0.557541,0.555068,0.556546,0.561495,0.619372,0.677818,0.636598
-0.000123,-0.008790,0.011131,-0.002752,-0.003471,-0.016146,-0.025319,-0.038061,0.254326,0.428264,0.442474,0.454026,0.456429,0.545937,0.660082,0.622758
0.010028,-0.013291,0.010618,-0.010245,-0.004293,-0.020284,-0.029722,-0.037737,0.245022,0.353182,0.387345,0.407361,0.392247,0.489967,0.647282,0.617601
0.003340,-0.014110,0.016674,-0.000915,-0.001277,-0.020779,-0.032894,-0.036598,0.247884,0.324034,0.355060,0.375811,0.354764,0.449691,0.638316,0.613057
0.006360,-0.020362,0.014739,-0.008785,-0.003464,-0.023568,-0.035275,-0.035715,0.250698,0.306549,0.336491,0.363212,0.336290,0.421743,0.631184,0.609375
1_mean,2_mean,3_mean,4_mean,5_mean,6_mean,7_mean,8_mean,1_std,2_std,3_std,4_std,5_std,6_std,7_std,8_std
0.009741,-0.002616,0.010579,0.001565,-0.005153,-0.013569,-0.038261,-0.022797,0.292074,0.531805,0.563375,0.551105,0.574623,0.578002,0.668121,0.626882
0.011355,-0.000724,0.012105,-0.009989,-0.007476,-0.018159,-0.044804,-0.022361,0.258050,0.396638,0.425201,0.446922,0.466905,0.487832,0.650170,0.617216
0.005379,-0.008275,0.011065,-0.013646,-0.006865,-0.022288,-0.051534,-0.021410,0.251149,0.342533,0.368284,0.403645,0.404487,0.432124,0.643012,0.615103
-0.006851,-0.013631,0.011087,-0.017787,-0.006600,-0.023995,-0.056823,-0.021404,0.261205,0.329320,0.355455,0.390018,0.364639,0.395932,0.642680,0.611845
0.008030,-0.017666,0.007415,-0.025489,-0.005573,-0.025955,-0.059269,-0.021645,0.265335,0.325450,0.340309,0.382150,0.339501,0.368961,0.636323,0.609122
0.003923,-0.012121,0.012736,-0.017339,-0.005141,-0.025267,-0.060950,-0.020534,0.273765,0.330131,0.334204,0.357173,0.327413,0.349622,0.636749,0.605623
0.004488,-0.013275,0.005782,-0.018870,-0.005574,-0.025940,-0.063462,-0.019698,0.282662,0.331622,0.325138,0.351070,0.321494,0.335827,0.632938,0.602128
0.000178,-0.020081,0.008581,-0.021197,-0.004709,-0.026117,-0.065099,-0.018963,0.290137,0.333845,0.320461,0.347434,0.318456,0.326115,0.631423,0.601418
0.000083,-0.012280,0.007149,-0.017172,-0.005136,-0.025496,-0.066174,-0.019124,0.293616,0.329598,0.314815,0.349593,0.316798,0.318443,0.637295,0.599335
0.003391,-0.017751,0.012572,-0.017304,-0.005109,-0.025532,-0.066680,-0.019444,0.294510,0.330786,0.316320,0.348305,0.315456,0.311736,0.633636,0.598768
-0.001540,-0.016372,0.011655,-0.016798,-0.001230,-0.024770,-0.065846,-0.018902,0.289673,0.324516,0.313203,0.350304,0.311434,0.306854,0.630720,0.598328
-0.008310,-0.019436,0.013976,-0.013334,-0.003669,-0.024201,-0.067560,-0.017474,0.286178,0.330629,0.315813,0.366251,0.309824,0.302761,0.625590,0.595791
-0.012254,-0.018369,0.011522,-0.015136,-0.001900,-0.025069,-0.067988,-0.017660,0.294358,0.326234,0.322274,0.364934,0.309000,0.299316,0.625029,0.596092
-0.002428,-0.022510,0.014649,-0.019623,-0.002859,-0.023936,-0.068585,-0.018985,0.291658,0.317175,0.318154,0.364204,0.307107,0.295534,0.627400,0.595250
0.003384,-0.022833,0.017264,-0.014528,-0.000970,-0.023563,-0.070108,-0.019254,0.289641,0.315784,0.328963,0.368943,0.307864,0.292055,0.626379,0.593134
-0.004913,-0.023261,0.015884,-0.014565,-0.003670,-0.025085,-0.070375,-0.018733,0.286277,0.309793,0.334749,0.393699,0.305097,0.288801,0.627220,0.592170
0.000777,-0.020668,0.020716,-0.019020,-0.002536,-0.025141,-0.071280,-0.019143,0.289172,0.311023,0.340117,0.385526,0.306951,0.286309,0.624992,0.592795
-0.004826,-0.019956,0.019630,-0.020851,-0.002343,-0.024586,-0.071248,-0.017022,0.285499,0.309513,0.335369,0.387928,0.303813,0.284464,0.624665,0.590241
0.002446,-0.020720,0.018873,-0.022618,-0.001659,-0.025745,-0.071671,-0.018867,0.285306,0.317258,0.342030,0.380655,0.303533,0.282958,0.622458,0.590509
-0.004760,-0.017526,0.022456,-0.014878,-0.002400,-0.024791,-0.071833,-0.018507,0.284602,0.311605,0.344846,0.391392,0.301938,0.281152,0.621433,0.589153
-0.002006,-0.022567,0.020616,-0.021823,-0.003350,-0.025566,-0.072818,-0.017604,0.286076,0.309200,0.350518,0.390183,0.301397,0.280234,0.620288,0.588702
0.001737,-0.017097,0.017822,-0.025094,-0.002761,-0.027187,-0.073567,-0.017830,0.290529,0.314078,0.339529,0.401575,0.302093,0.279823,0.627803,0.590675
0.000087,-0.024941,0.015471,-0.015069,-0.002813,-0.024403,-0.072984,-0.017874,0.290194,0.309735,0.342261,0.394544,0.301420,0.278237,0.619162,0.588063
-0.000845,-0.021548,0.020270,-0.021118,-0.003116,-0.025308,-0.074267,-0.018497,0.283184,0.307243,0.351689,0.389472,0.300215,0.277115,0.623008,0.588408
0.004132,-0.024167,0.018868,-0.019066,-0.001907,-0.025560,-0.074413,-0.017898,0.279526,0.307408,0.345955,0.395623,0.300046,0.275492,0.623068,0.588334
1_mean,2_mean,3_mean,4_mean,5_mean,6_mean,7_mean,8_mean,1_std,2_std,3_std,4_std,5_std,6_std,7_std,8_std
0.005192,-0.011690,0.015150,-0.031307,-0.005367,-0.026706,-0.038395,-0.014578,0.259226,0.461344,0.497121,0.527406,0.553463,0.562120,0.666625,0.590340
0.005392,-0.013435,0.011678,-0.032905,-0.006251,-0.032063,-0.045040,-0.011624,0.256650,0.340632,0.370971,0.441444,0.448693,0.484036,0.649045,0.581331
0.008960,-0.019540,-0.001522,-0.044112,-0.007262,-0.036090,-0.049476,-0.011753,0.260990,0.336706,0.355339,0.434537,0.397814,0.437186,0.638941,0.574851
-0.011541,-0.025278,-0.000647,-0.039797,-0.006812,-0.035408,-0.052905,-0.013933,0.276250,0.338874,0.347663,0.398371,0.377594,0.406870,0.635406,0.571324
-0.001921,-0.020586,0.002695,-0.037356,-0.007543,-0.035296,-0.057118,-0.011034,0.287509,0.349150,0.333582,0.389739,0.369225,0.383459,0.640748,0.563495
-0.001820,-0.028144,0.000640,-0.042483,-0.006481,-0.033611,-0.058788,-0.011265,0.292136,0.364096,0.331329,0.393635,0.360343,0.368018,0.635980,0.562453
0.002133,-0.022541,0.001786,-0.044640,-0.006249,-0.033117,-0.063990,-0.011422,0.297064,0.354575,0.332682,0.395808,0.358914,0.354847,0.639199,0.561722
-0.001337,-0.030746,0.001657,-0.039812,-0.007498,-0.032175,-0.065017,-0.012188,0.293679,0.349845,0.328173,0.398350,0.352226,0.345590,0.638313,0.560191
-0.000257,-0.024271,-0.000585,-0.036725,-0.006246,-0.032200,-0.066565,-0.012806,0.294547,0.354533,0.330819,0.400598,0.349648,0.338412,0.632978,0.559043
0.003984,-0.024942,0.005790,-0.042184,-0.007515,-0.031668,-0.068531,-0.012144,0.297611,0.351412,0.329210,0.412803,0.347549,0.332583,0.638053,0.558648
-0.001994,-0.026707,0.004121,-0.046458,-0.003629,-0.031364,-0.070596,-0.013908,0.291907,0.353732,0.332891,0.426620,0.348261,0.328722,0.643624,0.558975
0.002843,-0.023003,0.010715,-0.043131,-0.006464,-0.030474,-0.071620,-0.013779,0.293555,0.339200,0.332768,0.422773,0.346969,0.325572,0.639668,0.558126
0.005291,-0.027705,0.005276,-0.036435,-0.004369,-0.030201,-0.071865,-0.013843,0.286510,0.340398,0.333524,0.442804,0.345777,0.321640,0.638480,0.556544
-0.002952,-0.028610,0.009801,-0.044829,-0.004140,-0.029490,-0.074474,-0.013290,0.293586,0.331229,0.339565,0.444016,0.346223,0.319328,0.639095,0.556075
0.002232,-0.034413,0.009231,-0.044139,-0.006071,-0.030940,-0.075837,-0.013556,0.291836,0.338326,0.343648,0.455863,0.345186,0.316321,0.637939,0.554865
-0.000929,-0.031892,0.009714,-0.045720,-0.005377,-0.029998,-0.076033,-0.013415,0.282794,0.342504,0.336167,0.438923,0.344408,0.312683,0.637227,0.554143
0.006044,-0.030146,0.012590,-0.048120,-0.004889,-0.030332,-0.077075,-0.013478,0.290905,0.347214,0.341290,0.447795,0.344443,0.309294,0.639933,0.554472
-0.001020,-0.033405,0.009560,-0.041475,-0.003773,-0.031195,-0.077830,-0.013211,0.285588,0.333903,0.336358,0.432389,0.345973,0.307360,0.633061,0.552613
0.002243,-0.030510,0.010352,-0.051515,-0.003351,-0.031919,-0.079129,-0.012950,0.284781,0.348225,0.346769,0.454066,0.345577,0.307153,0.634310,0.552169
-0.003266,-0.032831,0.008955,-0.046892,-0.006675,-0.031306,-0.079957,-0.012309,0.285301,0.339698,0.346061,0.450651,0.346015,0.304432,0.637182,0.551137
0.001732,-0.029372,0.014311,-0.052145,-0.004388,-0.031017,-0.080541,-0.013845,0.286878,0.343850,0.342501,0.460387,0.344598,0.302320,0.640742,0.551659
0.002018,-0.025898,0.011221,-0.051663,-0.004865,-0.030507,-0.081089,-0.013725,0.288907,0.341092,0.342601,0.453846,0.345400,0.301816,0.639495,0.550147
-0.001081,-0.032107,0.015637,-0.055362,-0.004054,-0.030926,-0.082193,-0.012122,0.279755,0.338274,0.356054,0.459029,0.345359,0.298168,0.640656,0.548592
-0.005479,-0.032945,0.011620,-0.056777,-0.006079,-0.030641,-0.081082,-0.012906,0.291520,0.332439,0.351055,0.459329,0.344008,0.297551,0.636211,0.549437
0.002477,-0.029804,0.011017,-0.058609,-0.004783,-0.030139,-0.082044,-0.013545,0.287792,0.342836,0.341636,0.452463,0.345805,0.296865,0.638680,0.548017
1_mean,2_mean,3_mean,4_mean,5_mean,6_mean,7_mean,8_mean,1_std,2_std,3_std,4_std,5_std,6_std,7_std,8_std
0.009741,-0.002616,0.010579,0.001565,-0.005153,-0.013569,-0.038261,-0.022797,0.292074,0.531805,0.563375,0.551105,0.574623,0.578002,0.668121,0.626882
0.011355,-0.000724,0.012105,-0.009989,-0.007476,-0.018159,-0.044804,-0.022361,0.258050,0.396638,0.425201,0.446922,0.466905,0.487832,0.650170,0.617216
0.005379,-0.008275,0.011065,-0.013646,-0.006865,-0.022288,-0.051534,-0.021410,0.251149,0.342533,0.368284,0.403645,0.404487,0.432124,0.643012,0.615103
-0.006851,-0.013631,0.011087,-0.017787,-0.006600,-0.023995,-0.056823,-0.021404,0.261205,0.329320,0.355455,0.390018,0.364639,0.395932,0.642680,0.611845
0.008030,-0.017666,0.007415,-0.025489,-0.005573,-0.025955,-0.059269,-0.021645,0.265335,0.325450,0.340309,0.382150,0.339501,0.368961,0.636323,0.609122
0.003923,-0.012121,0.012736,-0.017339,-0.005141,-0.025267,-0.060950,-0.020534,0.273765,0.330131,0.334204,0.357173,0.327413,0.349622,0.636749,0.605623
0.004488,-0.013275,0.005782,-0.018870,-0.005574,-0.025940,-0.063462,-0.019698,0.282662,0.331622,0.325138,0.351070,0.321494,0.335827,0.632938,0.602128
0.000178,-0.020081,0.008581,-0.021197,-0.004709,-0.026117,-0.065099,-0.018963,0.290137,0.333845,0.320461,0.347434,0.318456,0.326115,0.631423,0.601418
0.000083,-0.012280,0.007149,-0.017172,-0.005136,-0.025496,-0.066174,-0.019124,0.293616,0.329598,0.314815,0.349593,0.316798,0.318443,0.637295,0.599335
0.003391,-0.017751,0.012572,-0.017304,-0.005109,-0.025532,-0.066680,-0.019444,0.294510,0.330786,0.316320,0.348305,0.315456,0.311736,0.633636,0.598768
-0.001540,-0.016372,0.011655,-0.016798,-0.001230,-0.024770,-0.065846,-0.018902,0.289673,0.324516,0.313203,0.350304,0.311434,0.306854,0.630720,0.598328
-0.008310,-0.019436,0.013976,-0.013334,-0.003669,-0.024201,-0.067560,-0.017474,0.286178,0.330629,0.315813,0.366251,0.309824,0.302761,0.625590,0.595791
-0.012254,-0.018369,0.011522,-0.015136,-0.001900,-0.025069,-0.067988,-0.017660,0.294358,0.326234,0.322274,0.364934,0.309000,0.299316,0.625029,0.596092
-0.002428,-0.022510,0.014649,-0.019623,-0.002859,-0.023936,-0.068585,-0.018985,0.291658,0.317175,0.318154,0.364204,0.307107,0.295534,0.627400,0.595250
0.003384,-0.022833,0.017264,-0.014528,-0.000970,-0.023563,-0.070108,-0.019254,0.289641,0.315784,0.328963,0.368943,0.307864,0.292055,0.626379,0.593134
-0.004913,-0.023261,0.015884,-0.014565,-0.003670,-0.025085,-0.070375,-0.018733,0.286277,0.309793,0.334749,0.393699,0.305097,0.288801,0.627220,0.592170
0.000777,-0.020668,0.020716,-0.019020,-0.002536,-0.025141,-0.071280,-0.019143,0.289172,0.311023,0.340117,0.385526,0.306951,0.286309,0.624992,0.592795
-0.004826,-0.019956,0.019630,-0.020851,-0.002343,-0.024586,-0.071248,-0.017022,0.285499,0.309513,0.335369,0.387928,0.303813,0.284464,0.624665,0.590241
0.002446,-0.020720,0.018873,-0.022618,-0.001659,-0.025745,-0.071671,-0.018867,0.285306,0.317258,0.342030,0.380655,0.303533,0.282958,0.622458,0.590509
-0.004760,-0.017526,0.022456,-0.014878,-0.002400,-0.024791,-0.071833,-0.018507,0.284602,0.311605,0.344846,0.391392,0.301938,0.281152,0.621433,0.589153
-0.002006,-0.022567,0.020616,-0.021823,-0.003350,-0.025566,-0.072818,-0.017604,0.286076,0.309200,0.350518,0.390183,0.301397,0.280234,0.620288,0.588702
0.001737,-0.017097,0.017822,-0.025094,-0.002761,-0.027187,-0.073567,-0.017830,0.290529,0.314078,0.339529,0.401575,0.302093,0.279823,0.627803,0.590675
0.000087,-0.024941,0.015471,-0.015069,-0.002813,-0.024403,-0.072984,-0.017874,0.290194,0.309735,0.342261,0.394544,0.301420,0.278237,0.619162,0.588063
-0.000845,-0.021548,0.020270,-0.021118,-0.003116,-0.025308,-0.074267,-0.018497,0.283184,0.307243,0.351689,0.389472,0.300215,0.277115,0.623008,0.588408
0.004132,-0.024167,0.018868,-0.019066,-0.001907,-0.025560,-0.074413,-0.017898,0.279526,0.307408,0.345955,0.395623,0.300046,0.275492,0.623068,0.588334
1_mean,2_mean,3_mean,4_mean,5_mean,6_mean,7_mean,8_mean,1_std,2_std,3_std,4_std,5_std,6_std,7_std,8_std
0.014493,-0.035469,-0.011532,-0.071543,-0.009352,-0.055467,-0.052511,0.065307,0.245543,0.355885,0.389624,0.518673,0.536973,0.592347,0.669781,0.668935
0.008511,-0.039433,-0.025714,-0.080699,-0.011717,-0.067820,-0.056253,0.062918,0.278673,0.340817,0.357172,0.490329,0.487383,0.559116,0.661446,0.653280
0.008402,-0.060241,-0.014520,-0.085309,-0.014407,-0.069504,-0.059916,0.060671,0.290593,0.368341,0.359005,0.477601,0.469821,0.540180,0.656127,0.644642
-0.004026,-0.052022,-0.030413,-0.092476,-0.015336,-0.070674,-0.064337,0.062146,0.294818,0.379744,0.353850,0.475506,0.459472,0.524457,0.651534,0.627325
0.001625,-0.051453,-0.027194,-0.095459,-0.014962,-0.074013,-0.067649,0.060864,0.292993,0.387766,0.354603,0.463931,0.447160,0.515497,0.646966,0.623580
-0.000556,-0.051195,-0.016566,-0.095311,-0.013580,-0.074052,-0.070127,0.063199,0.301374,0.395978,0.365925,0.464633,0.446067,0.509594,0.642729,0.614220
-0.001162,-0.053886,-0.014379,-0.093710,-0.013444,-0.073762,-0.074245,0.065313,0.291748,0.396101,0.352111,0.469953,0.440134,0.500311,0.643881,0.613237
0.004300,-0.053981,-0.012819,-0.100339,-0.014200,-0.074987,-0.077749,0.065068,0.298252,0.399937,0.356089,0.468345,0.436995,0.500923,0.640121,0.605492
-0.003174,-0.047624,-0.010279,-0.099139,-0.014147,-0.074894,-0.081203,0.066783,0.295188,0.394122,0.348696,0.467888,0.438719,0.492198,0.640970,0.605233
-0.002638,-0.049169,-0.012150,-0.108847,-0.014787,-0.075246,-0.083082,0.064546,0.294219,0.403173,0.347867,0.478627,0.436869,0.495010,0.640966,0.608125
0.004014,-0.058709,-0.010813,-0.104821,-0.012158,-0.074317,-0.084285,0.065578,0.301525,0.397582,0.349026,0.472772,0.434631,0.491205,0.639462,0.601825
-0.000641,-0.055411,-0.010427,-0.115060,-0.013460,-0.076431,-0.084466,0.067014,0.298363,0.393140,0.345428,0.489116,0.434023,0.498101,0.640427,0.599931
-0.004841,-0.055511,-0.007888,-0.109798,-0.013014,-0.075453,-0.085015,0.066391,0.294002,0.389308,0.349765,0.482359,0.433923,0.491723,0.637159,0.600516
0.000746,-0.055353,-0.008742,-0.109897,-0.013863,-0.076971,-0.087415,0.067112,0.295166,0.399643,0.349112,0.476258,0.435137,0.495285,0.638996,0.601853
0.006184,-0.061574,-0.004752,-0.113951,-0.014709,-0.076114,-0.087829,0.068693,0.296754,0.400727,0.363677,0.480744,0.432784,0.491920,0.639496,0.601368
0.001385,-0.055558,0.001845,-0.108554,-0.012924,-0.078569,-0.088202,0.069434,0.294120,0.379248,0.367137,0.484591,0.434901,0.493305,0.636874,0.597463
0.003658,-0.050812,-0.003113,-0.121921,-0.012393,-0.077648,-0.089540,0.068737,0.304152,0.380246,0.348771,0.482040,0.434183,0.490557,0.638921,0.599760
0.002066,-0.049949,-0.003299,-0.116051,-0.013507,-0.076006,-0.089582,0.070481,0.310916,0.376854,0.349112,0.479934,0.431940,0.488181,0.638018,0.599148
0.008029,-0.050276,-0.004422,-0.120595,-0.012340,-0.081702,-0.090727,0.072545,0.299387,0.377133,0.346043,0.488084,0.432276,0.493191,0.638718,0.597221
0.007380,-0.056891,-0.001530,-0.120468,-0.013098,-0.078469,-0.090766,0.072246,0.302504,0.379833,0.355740,0.482053,0.431737,0.491543,0.636220,0.599534
0.002143,-0.051131,-0.008513,-0.119992,-0.011370,-0.079576,-0.091000,0.071901,0.294452,0.371459,0.348859,0.488351,0.432373,0.484685,0.639393,0.599119
-0.000866,-0.050246,-0.004932,-0.120148,-0.012922,-0.078465,-0.091214,0.073771,0.287660,0.370529,0.355003,0.487568,0.429326,0.486352,0.638021,0.598345
0.000606,-0.050006,-0.008882,-0.121352,-0.011572,-0.079383,-0.093191,0.074719,0.302919,0.367799,0.342922,0.473115,0.429722,0.488619,0.638552,0.597137
-0.005315,-0.054124,-0.005088,-0.122377,-0.012802,-0.080605,-0.092320,0.075282,0.303740,0.361749,0.345968,0.480457,0.429886,0.488531,0.634997,0.595738
0.009839,-0.046913,-0.001372,-0.126778,-0.011487,-0.082868,-0.092822,0.074742,0.300411,0.349368,0.359557,0.478287,0.428041,0.491526,0.635883,0.594227
1_mean,2_mean,3_mean,4_mean,5_mean,6_mean,7_mean,8_mean,1_std,2_std,3_std,4_std,5_std,6_std,7_std,8_std
0.009741,-0.002616,0.010579,0.001565,-0.005153,-0.013569,-0.038261,-0.022797,0.292074,0.531805,0.563375,0.551105,0.574623,0.578002,0.668121,0.626882
0.011355,-0.000724,0.012105,-0.009989,-0.007476,-0.018159,-0.044804,-0.022361,0.258050,0.396638,0.425201,0.446922,0.466905,0.487832,0.650170,0.617216
0.005379,-0.008275,0.011065,-0.013646,-0.006865,-0.022288,-0.051534,-0.021410,0.251149,0.342533,0.368284,0.403645,0.404487,0.432124,0.643012,0.615103
-0.006851,-0.013631,0.011087,-0.017787,-0.006600,-0.023995,-0.056823,-0.021404,0.261205,0.329320,0.355455,0.390018,0.364639,0.395932,0.642680,0.611845
0.008030,-0.017666,0.007415,-0.025489,-0.005573,-0.025955,-0.059269,-0.021645,0.265335,0.325450,0.340309,0.382150,0.339501,0.368961,0.636323,0.609122
0.003923,-0.012121,0.012736,-0.017339,-0.005141,-0.025267,-0.060950,-0.020534,0.273765,0.330131,0.334204,0.357173,0.327413,0.349622,0.636749,0.605623
0.004488,-0.013275,0.005782,-0.018870,-0.005574,-0.025940,-0.063462,-0.019698,0.282662,0.331622,0.325138,0.351070,0.321494,0.335827,0.632938,0.602128
0.000178,-0.020081,0.008581,-0.021197,-0.004709,-0.026117,-0.065099,-0.018963,0.290137,0.333845,0.320461,0.347434,0.318456,0.326115,0.631423,0.601418
0.000083,-0.012280,0.007149,-0.017172,-0.005136,-0.025496,-0.066174,-0.019124,0.293616,0.329598,0.314815,0.349593,0.316798,0.318443,0.637295,0.599335
0.003391,-0.017751,0.012572,-0.017304,-0.005109,-0.025532,-0.066680,-0.019444,0.294510,0.330786,0.316320,0.348305,0.315456,0.311736,0.633636,0.598768
-0.001540,-0.016372,0.011655,-0.016798,-0.001230,-0.024770,-0.065846,-0.018902,0.289673,0.324516,0.313203,0.350304,0.311434,0.306854,0.630720,0.598328
-0.008310,-0.019436,0.013976,-0.013334,-0.003669,-0.024201,-0.067560,-0.017474,0.286178,0.330629,0.315813,0.366251,0.309824,0.302761,0.625590,0.595791
-0.012254,-0.018369,0.011522,-0.015136,-0.001900,-0.025069,-0.067988,-0.017660,0.294358,0.326234,0.322274,0.364934,0.309000,0.299316,0.625029,0.596092
-0.002428,-0.022510,0.014649,-0.019623,-0.002859,-0.023936,-0.068585,-0.018985,0.291658,0.317175,0.318154,0.364204,0.307107,0.295534,0.627400,0.595250
0.003384,-0.022833,0.017264,-0.014528,-0.000970,-0.023563,-0.070108,-0.019254,0.289641,0.315784,0.328963,0.368943,0.307864,0.292055,0.626379,0.593134
-0.004913,-0.023261,0.015884,-0.014565,-0.003670,-0.025085,-0.070375,-0.018733,0.286277,0.309793,0.334749,0.393699,0.305097,0.288801,0.627220,0.592170
0.000777,-0.020668,0.020716,-0.019020,-0.002536,-0.025141,-0.071280,-0.019143,0.289172,0.311023,0.340117,0.385526,0.306951,0.286309,0.624992,0.592795
-0.004826,-0.019956,0.019630,-0.020851,-0.002343,-0.024586,-0.071248,-0.017022,0.285499,0.309513,0.335369,0.387928,0.303813,0.284464,0.624665,0.590241
0.002446,-0.020720,0.018873,-0.022618,-0.001659,-0.025745,-0.071671,-0.018867,0.285306,0.317258,0.342030,0.380655,0.303533,0.282958,0.622458,0.590509
-0.004760,-0.017526,0.022456,-0.014878,-0.002400,-0.024791,-0.071833,-0.018507,0.284602,0.311605,0.344846,0.391392,0.301938,0.281152,0.621433,0.589153
-0.002006,-0.022567,0.020616,-0.021823,-0.003350,-0.025566,-0.072818,-0.017604,0.286076,0.309200,0.350518,0.390183,0.301397,0.280234,0.620288,0.588702
0.001737,-0.017097,0.017822,-0.025094,-0.002761,-0.027187,-0.073567,-0.017830,0.290529,0.314078,0.339529,0.401575,0.302093,0.279823,0.627803,0.590675
0.000087,-0.024941,0.015471,-0.015069,-0.002813,-0.024403,-0.072984,-0.017874,0.290194,0.309735,0.342261,0.394544,0.301420,0.278237,0.619162,0.588063
-0.000845,-0.021548,0.020270,-0.021118,-0.003116,-0.025308,-0.074267,-0.018497,0.283184,0.307243,0.351689,0.389472,0.300215,0.277115,0.623008,0.588408
0.004132,-0.024167,0.018868,-0.019066,-0.001907,-0.025560,-0.074413,-0.017898,0.279526,0.307408,0.345955,0.395623,0.300046,0.275492,0.623068,0.588334
-0.002803,-0.017684,0.017044,-0.025209,-0.000667,-0.025652,-0.074681,-0.018225,0.281686,0.314104,0.345763,0.403957,0.298746,0.274959,0.625035,0.586677
1_mean,2_mean,3_mean,4_mean,5_mean,6_mean,7_mean,8_mean,1_std,2_std,3_std,4_std,5_std,6_std,7_std,8_std
0.009741,-0.002616,0.010579,0.001565,-0.005153,-0.013569,-0.038261,-0.022797,0.292074,0.531805,0.563375,0.551105,0.574623,0.578002,0.668121,0.626882
0.011355,-0.000724,0.012105,-0.009989,-0.007476,-0.018159,-0.044804,-0.022361,0.258050,0.396638,0.425201,0.446922,0.466905,0.487832,0.650170,0.617216
0.005379,-0.008275,0.011065,-0.013646,-0.006865,-0.022288,-0.051534,-0.021410,0.251149,0.342533,0.368284,0.403645,0.404487,0.432124,0.643012,0.615103
-0.006851,-0.013631,0.011087,-0.017787,-0.006600,-0.023995,-0.056823,-0.021404,0.261205,0.329320,0.355455,0.390018,0.364639,0.395932,0.642680,0.611845
0.008030,-0.017666,0.007415,-0.025489,-0.005573,-0.025955,-0.059269,-0.021645,0.265335,0.325450,0.340309,0.382150,0.339501,0.368961,0.636323,0.609122
0.003923,-0.012121,0.012736,-0.017339,-0.005141,-0.025267,-0.060950,-0.020534,0.273765,0.330131,0.334204,0.357173,0.327413,0.349622,0.636749,0.605623
0.004488,-0.013275,0.005782,-0.018870,-0.005574,-0.025940,-0.063462,-0.019698,0.282662,0.331622,0.325138,0.351070,0.321494,0.335827,0.632938,0.602128
0.000178,-0.020081,0.008581,-0.021197,-0.004709,-0.026117,-0.065099,-0.018963,0.290137,0.333845,0.320461,0.347434,0.318456,0.326115,0.631423,0.601418
0.000083,-0.012280,0.007149,-0.017172,-0.005136,-0.025496,-0.066174,-0.019124,0.293616,0.329598,0.314815,0.349593,0.316798,0.318443,0.637295,0.599335
0.003391,-0.017751,0.012572,-0.017304,-0.005109,-0.025532,-0.066680,-0.019444,0.294510,0.330786,0.316320,0.348305,0.315456,0.311736,0.633636,0.598768
-0.001540,-0.016372,0.011655,-0.016798,-0.001230,-0.024770,-0.065846,-0.018902,0.289673,0.324516,0.313203,0.350304,0.311434,0.306854,0.630720,0.598328
-0.008310,-0.019436,0.013976,-0.013334,-0.003669,-0.024201,-0.067560,-0.017474,0.286178,0.330629,0.315813,0.366251,0.309824,0.302761,0.625590,0.595791
-0.012254,-0.018369,0.011522,-0.015136,-0.001900,-0.025069,-0.067988,-0.017660,0.294358,0.326234,0.322274,0.364934,0.309000,0.299316,0.625029,0.596092
-0.002428,-0.022510,0.014649,-0.019623,-0.002859,-0.023936,-0.068585,-0.018985,0.291658,0.317175,0.318154,0.364204,0.307107,0.295534,0.627400,0.595250
0.003384,-0.022833,0.017264,-0.014528,-0.000970,-0.023563,-0.070108,-0.019254,0.289641,0.315784,0.328963,0.368943,0.307864,0.292055,0.626379,0.593134
-0.004913,-0.023261,0.015884,-0.014565,-0.003670,-0.025085,-0.070375,-0.018733,0.286277,0.309793,0.334749,0.393699,0.305097,0.288801,0.627220,0.592170
0.000777,-0.020668,0.020716,-0.019020,-0.002536,-0.025141,-0.071280,-0.019143,0.289172,0.311023,0.340117,0.385526,0.306951,0.286309,0.624992,0.592795
-0.004826,-0.019956,0.019630,-0.020851,-0.002343,-0.024586,-0.071248,-0.017022,0.285499,0.309513,0.335369,0.387928,0.303813,0.284464,0.624665,0.590241
0.002446,-0.020720,0.018873,-0.022618,-0.001659,-0.025745,-0.071671,-0.018867,0.285306,0.317258,0.342030,0.380655,0.303533,0.282958,0.622458,0.590509
-0.004760,-0.017526,0.022456,-0.014878,-0.002400,-0.024791,-0.071833,-0.018507,0.284602,0.311605,0.344846,0.391392,0.301938,0.281152,0.621433,0.589153
-0.002006,-0.022567,0.020616,-0.021823,-0.003350,-0.025566,-0.072818,-0.017604,0.286076,0.309200,0.350518,0.390183,0.301397,0.280234,0.620288,0.588702
0.001737,-0.017097,0.017822,-0.025094,-0.002761,-0.027187,-0.073567,-0.017830,0.290529,0.314078,0.339529,0.401575,0.302093,0.279823,0.627803,0.590675
0.000087,-0.024941,0.015471,-0.015069,-0.002813,-0.024403,-0.072984,-0.017874,0.290194,0.309735,0.342261,0.394544,0.301420,0.278237,0.619162,0.588063
-0.000845,-0.021548,0.020270,-0.021118,-0.003116,-0.025308,-0.074267,-0.018497,0.283184,0.307243,0.351689,0.389472,0.300215,0.277115,0.623008,0.588408
0.004132,-0.024167,0.018868,-0.019066,-0.001907,-0.025560,-0.074413,-0.017898,0.279526,0.307408,0.345955,0.395623,0.300046,0.275492,0.623068,0.588334
-0.002803,-0.017684,0.017044,-0.025209,-0.000667,-0.025652,-0.074681,-0.018225,0.281686,0.314104,0.345763,0.403957,0.298746,0.274959,0.625035,0.586677
0.000657,-0.025011,0.017800,-0.023057,-0.001400,-0.025940,-0.074182,-0.016842,0.284276,0.309596,0.342672,0.410235,0.297822,0.274737,0.616633,0.585225
0.000556,-0.023200,0.024393,-0.026191,-0.000506,-0.025344,-0.075271,-0.016662,0.286110,0.305887,0.352819,0.398538,0.298767,0.273865,0.623705,0.584865
-0.008232,-0.022432,0.023836,-0.015760,0.000694,-0.026097,-0.075502,-0.016911,0.289827,0.303089,0.350982,0.406589,0.297737,0.272715,0.627601,0.585683
-0.006606,-0.023550,0.020325,-0.030261,-0.003456,-0.024905,-0.076043,-0.016512,0.285501,0.308776,0.348834,0.403576,0.297419,0.272562,0.628773,0.583694
-0.000051,-0.023385,0.017929,-0.024928,-0.001614,-0.024973,-0.075661,-0.017299,0.279363,0.305891,0.344600,0.399972,0.297290,0.271747,0.617976,0.584023
0.003980,-0.024418,0.020493,-0.031717,-0.000923,-0.025699,-0.076614,-0.017301,0.282943,0.311735,0.337134,0.417486,0.296536,0.271610,0.618925,0.584019
0.002695,-0.018820,0.022426,-0.027758,-0.001193,-0.026250,-0.076830,-0.017047,0.281108,0.311634,0.341344,0.417335,0.297052,0.271589,0.616938,0.582820
-0.003122,-0.022344,0.022978,-0.025945,-0.001210,-0.025126,-0.076635,-0.016414,0.288997,0.312982,0.347091,0.405648,0.296547,0.271227,0.617912,0.582225
0.001109,-0.020276,0.025291,-0.023791,-0.001175,-0.026306,-0.077384,-0.016563,0.288503,0.311267,0.345660,0.398443,0.298344,0.271405,0.619605,0.583078
0.000749,-0.020283,0.023670,-0.024744,-0.000988,-0.025988,-0.078313,-0.015300,0.279082,0.309786,0.345464,0.411498,0.295312,0.272009,0.617558,0.582462
-0.004114,-0.021292,0.023434,-0.031927,-0.000722,-0.025366,-0.079492,-0.017061,0.282482,0.312387,0.335549,0.416342,0.295348,0.270766,0.621172,0.582911
-0.003027,-0.022724,0.018721,-0.034045,-0.000345,-0.026240,-0.078915,-0.016109,0.279010,0.311287,0.334149,0.439942,0.295922,0.270266,0.618495,0.582139
-0.003424,-0.027177,0.024157,-0.031954,-0.001690,-0.026477,-0.079142,-0.015938,0.287034,0.309045,0.347011,0.445251,0.297471,0.270276,0.619991,0.582127
-0.002978,-0.026115,0.016560,-0.039354,-0.000281,-0.026925,-0.080094,-0.016060,0.282076,0.313467,0.346962,0.440816,0.297375,0.271242,0.621838,0.582786
-0.000794,-0.022467,0.020894,-0.038951,-0.000165,-0.025757,-0.080522,-0.016401,0.289743,0.311989,0.342186,0.439344,0.295684,0.270211,0.617653,0.582561
-0.006767,-0.022409,0.017375,-0.036313,-0.000828,-0.025315,-0.079299,-0.015327,0.288676,0.313617,0.341836,0.430110,0.297485,0.270259,0.620942,0.581463
-0.001270,-0.022398,0.025160,-0.031371,0.001334,-0.025593,-0.080259,-0.016095,0.287145,0.308617,0.347008,0.434925,0.296449,0.269929,0.616106,0.582421
-0.002558,-0.018795,0.023239,-0.037393,0.001057,-0.025416,-0.080201,-0.016240,0.290269,0.309512,0.341410,0.424254,0.297074,0.269394,0.619480,0.582609
-0.002047,-0.019537,0.024627,-0.042746,-0.002249,-0.025500,-0.081440,-0.015255,0.285789,0.308876,0.340510,0.433404,0.297418,0.269362,0.625163,0.581464
0.003498,-0.020983,0.020843,-0.032511,-0.000398,-0.025723,-0.080789,-0.016319,0.286479,0.305720,0.347298,0.426948,0.297123,0.269330,0.624457,0.582172
-0.002584,-0.018795,0.019986,-0.034294,-0.000503,-0.024410,-0.080414,-0.014903,0.287937,0.307350,0.341405,0.418951,0.296154,0.268449,0.621709,0.580101
-0.002529,-0.022835,0.019784,-0.034295,0.000115,-0.025851,-0.080648,-0.015528,0.286362,0.311723,0.338750,0.425489,0.297756,0.268140,0.618712,0.580895
-0.000636,-0.023411,0.021413,-0.032361,0.000342,-0.024821,-0.082077,-0.015286,0.287114,0.311258,0.338729,0.435701,0.297255,0.268274,0.622568,0.580832
-0.003357,-0.022741,0.019969,-0.035920,-0.002288,-0.026238,-0.080970,-0.015802,0.285592,0.312278,0.337916,0.415707,0.297468,0.269073,0.615558,0.580213
0.003037,-0.027012,0.020089,-0.034341,0.000334,-0.025043,-0.081390,-0.014955,0.284998,0.313643,0.342617,0.425459,0.296960,0.269749,0.611004,0.580730
0.001644,-0.021655,0.023042,-0.034507,0.000910,-0.024477,-0.081000,-0.013990,0.286674,0.310804,0.344175,0.439405,0.297139,0.270539,0.611514,0.579782
-0.002573,-0.020121,0.021904,-0.036305,0.000128,-0.025666,-0.081731,-0.015106,0.286212,0.309510,0.344745,0.428871,0.296702,0.269420,0.618915,0.581093
0.000657,-0.025011,0.017800,-0.023057,-0.001400,-0.025940,-0.074182,-0.016842,0.284276,0.309596,0.342672,0.410235,0.297822,0.274737,0.616633,0.585225
0.000556,-0.023200,0.024393,-0.026191,-0.000506,-0.025344,-0.075271,-0.016662,0.286110,0.305887,0.352819,0.398538,0.298767,0.273865,0.623705,0.584865
-0.008232,-0.022432,0.023836,-0.015760,0.000694,-0.026097,-0.075502,-0.016911,0.289827,0.303089,0.350982,0.406589,0.297737,0.272715,0.627601,0.585683
-0.006606,-0.023550,0.020325,-0.030261,-0.003456,-0.024905,-0.076043,-0.016512,0.285501,0.308776,0.348834,0.403576,0.297419,0.272562,0.628773,0.583694
-0.000051,-0.023385,0.017929,-0.024928,-0.001614,-0.024973,-0.075661,-0.017299,0.279363,0.305891,0.344600,0.399972,0.297290,0.271747,0.617976,0.584023
0.003980,-0.024418,0.020493,-0.031717,-0.000923,-0.025699,-0.076614,-0.017301,0.282943,0.311735,0.337134,0.417486,0.296536,0.271610,0.618925,0.584019
0.002695,-0.018820,0.022426,-0.027758,-0.001193,-0.026250,-0.076830,-0.017047,0.281108,0.311634,0.341344,0.417335,0.297052,0.271589,0.616938,0.582820
-0.003122,-0.022344,0.022978,-0.025945,-0.001210,-0.025126,-0.076635,-0.016414,0.288997,0.312982,0.347091,0.405648,0.296547,0.271227,0.617912,0.582225
0.001109,-0.020276,0.025291,-0.023791,-0.001175,-0.026306,-0.077384,-0.016563,0.288503,0.311267,0.345660,0.398443,0.298344,0.271405,0.619605,0.583078
0.000749,-0.020283,0.023670,-0.024744,-0.000988,-0.025988,-0.078313,-0.015300,0.279082,0.309786,0.345464,0.411498,0.295312,0.272009,0.617558,0.582462
-0.004114,-0.021292,0.023434,-0.031927,-0.000722,-0.025366,-0.079492,-0.017061,0.282482,0.312387,0.335549,0.416342,0.295348,0.270766,0.621172,0.582911
-0.003027,-0.022724,0.018721,-0.034045,-0.000345,-0.026240,-0.078915,-0.016109,0.279010,0.311287,0.334149,0.439942,0.295922,0.270266,0.618495,0.582139
-0.003424,-0.027177,0.024157,-0.031954,-0.001690,-0.026477,-0.079142,-0.015938,0.287034,0.309045,0.347011,0.445251,0.297471,0.270276,0.619991,0.582127
-0.002978,-0.026115,0.016560,-0.039354,-0.000281,-0.026925,-0.080094,-0.016060,0.282076,0.313467,0.346962,0.440816,0.297375,0.271242,0.621838,0.582786
-0.000794,-0.022467,0.020894,-0.038951,-0.000165,-0.025757,-0.080522,-0.016401,0.289743,0.311989,0.342186,0.439344,0.295684,0.270211,0.617653,0.582561
-0.006767,-0.022409,0.017375,-0.036313,-0.000828,-0.025315,-0.079299,-0.015327,0.288676,0.313617,0.341836,0.430110,0.297485,0.270259,0.620942,0.581463
-0.001270,-0.022398,0.025160,-0.031371,0.001334,-0.025593,-0.080259,-0.016095,0.287145,0.308617,0.347008,0.434925,0.296449,0.269929,0.616106,0.582421
-0.002558,-0.018795,0.023239,-0.037393,0.001057,-0.025416,-0.080201,-0.016240,0.290269,0.309512,0.341410,0.424254,0.297074,0.269394,0.619480,0.582609
-0.002047,-0.019537,0.024627,-0.042746,-0.002249,-0.025500,-0.081440,-0.015255,0.285789,0.308876,0.340510,0.433404,0.297418,0.269362,0.625163,0.581464
0.003498,-0.020983,0.020843,-0.032511,-0.000398,-0.025723,-0.080789,-0.016319,0.286479,0.305720,0.347298,0.426948,0.297123,0.269330,0.624457,0.582172
-0.002584,-0.018795,0.019986,-0.034294,-0.000503,-0.024410,-0.080414,-0.014903,0.287937,0.307350,0.341405,0.418951,0.296154,0.268449,0.621709,0.580101
-0.002529,-0.022835,0.019784,-0.034295,0.000115,-0.025851,-0.080648,-0.015528,0.286362,0.311723,0.338750,0.425489,0.297756,0.268140,0.618712,0.580895
-0.000636,-0.023411,0.021413,-0.032361,0.000342,-0.024821,-0.082077,-0.015286,0.287114,0.311258,0.338729,0.435701,0.297255,0.268274,0.622568,0.580832
-0.003357,-0.022741,0.019969,-0.035920,-0.002288,-0.026238,-0.080970,-0.015802,0.285592,0.312278,0.337916,0.415707,0.297468,0.269073,0.615558,0.580213
0.003037,-0.027012,0.020089,-0.034341,0.000334,-0.025043,-0.081390,-0.014955,0.284998,0.313643,0.342617,0.425459,0.296960,0.269749,0.611004,0.580730
0.001644,-0.021655,0.023042,-0.034507,0.000910,-0.024477,-0.081000,-0.013990,0.286674,0.310804,0.344175,0.439405,0.297139,0.270539,0.611514,0.579782
-0.002573,-0.020121,0.021904,-0.036305,0.000128,-0.025666,-0.081731,-0.015106,0.286212,0.309510,0.344745,0.428871,0.296702,0.269420,0.618915,0.581093
0.003287,-0.018132,0.026786,-0.046493,0.000446,-0.025016,-0.081513,-0.014317,0.289409,0.307251,0.346650,0.448971,0.295340,0.269496,0.616961,0.581031
-0.003149,-0.018250,0.017142,-0.044474,0.000695,-0.026382,-0.080330,-0.014714,0.285073,0.312327,0.328154,0.448535,0.295871,0.270111,0.614685,0.579269
-0.000794,-0.020566,0.025274,-0.039443,-0.000599,-0.025870,-0.082000,-0.014739,0.288843,0.307960,0.339599,0.424498,0.295117,0.270552,0.611016,0.580073
0.002224,-0.023102,0.018810,-0.041028,-0.000039,-0.024412,-0.083301,-0.014655,0.284629,0.312792,0.338819,0.435633,0.294533,0.269611,0.616233,0.580939
-0.002513,-0.023142,0.022450,-0.037373,-0.001245,-0.025844,-0.083687,-0.014778,0.290010,0.313531,0.332920,0.438487,0.295990,0.269807,0.620955,0.582015
-0.004155,-0.025357,0.021008,-0.039910,0.000062,-0.024647,-0.082420,-0.014653,0.282164,0.314375,0.333400,0.435591,0.295116,0.269709,0.614877,0.580042
0.000586,-0.023351,0.017321,-0.039204,0.000347,-0.024413,-0.083639,-0.014049,0.289799,0.314554,0.343842,0.426432,0.293479,0.269687,0.622489,0.580208
0.000056,-0.021887,0.019763,-0.040739,-0.001621,-0.026350,-0.083365,-0.014609,0.293390,0.314274,0.332259,0.441435,0.295038,0.268933,0.621404,0.581130
-0.005218,-0.020868,0.020442,-0.050339,-0.000422,-0.025628,-0.084141,-0.014148,0.291754,0.315491,0.330122,0.445461,0.294386,0.269324,0.625139,0.581568
-0.004654,-0.022205,0.025027,-0.039811,0.001592,-0.023934,-0.083085,-0.013200,0.282641,0.311787,0.347870,0.446345,0.295234,0.268638,0.617681,0.580639
-0.004067,-0.022635,0.022683,-0.046235,0.001336,-0.024655,-0.085474,-0.013068,0.284860,0.312435,0.341953,0.442702,0.294742,0.268763,0.621708,0.579073
0.001121,-0.023087,0.026069,-0.039281,0.000317,-0.024009,-0.084063,-0.014320,0.281658,0.312755,0.340643,0.427966,0.293010,0.268871,0.616464,0.580401
-0.001117,-0.019495,0.025800,-0.039995,0.001344,-0.025157,-0.083994,-0.013253,0.288868,0.313178,0.334271,0.424126,0.293097,0.269293,0.613949,0.578935
0.001969,-0.026614,0.019602,-0.037908,0.000352,-0.025135,-0.083017,-0.013418,0.289448,0.313790,0.335720,0.436926,0.296737,0.270065,0.612813,0.579162
-0.001927,-0.025547,0.019015,-0.048044,0.000023,-0.025052,-0.083425,-0.013265,0.294036,0.317187,0.333164,0.437910,0.296148,0.270469,0.609488,0.578750
-0.002225,-0.021573,0.020004,-0.049452,-0.001139,-0.025512,-0.082881,-0.014061,0.286412,0.311584,0.341286,0.442447,0.294074,0.270688,0.616427,0.578500
-0.010139,-0.022196,0.021621,-0.043630,-0.001625,-0.025058,-0.082930,-0.013680,0.281743,0.310400,0.341606,0.442132,0.292515,0.270347,0.612490,0.579992
-0.000778,-0.017781,0.021376,-0.042482,-0.000614,-0.025499,-0.083238,-0.014242,0.289641,0.312498,0.334300,0.441663,0.292478,0.269699,0.618656,0.579850
-0.001054,-0.024554,0.021907,-0.053214,-0.000057,-0.026111,-0.084742,-0.013868,0.289269,0.315813,0.340758,0.448778,0.294115,0.269788,0.620841,0.579554
0.002137,-0.021790,0.022165,-0.049548,0.000133,-0.025169,-0.085398,-0.013771,0.290073,0.310794,0.335140,0.445324,0.293609,0.269976,0.619657,0.579532
-0.000422,-0.021398,0.020908,-0.049925,-0.000502,-0.026910,-0.085234,-0.013957,0.288616,0.313753,0.344819,0.439178,0.294656,0.269590,0.620843,0.580710
-0.000758,-0.020374,0.025537,-0.050757,-0.000103,-0.025819,-0.085919,-0.013007,0.286726,0.310603,0.351785,0.440858,0.295487,0.270508,0.616444,0.578878
0.002685,-0.025906,0.020065,-0.052923,0.000627,-0.025189,-0.086738,-0.012845,0.279702,0.315908,0.336439,0.464251,0.294692,0.269602,0.619553,0.579830
-0.004024,-0.019757,0.017806,-0.049940,0.000228,-0.025477,-0.085801,-0.013160,0.291826,0.314388,0.334802,0.440686,0.293064,0.270572,0.624019,0.579227
-0.007450,-0.017369,0.023010,-0.054766,-0.000587,-0.025077,-0.085253,-0.013643,0.288575,0.313977,0.345023,0.432868,0.292017,0.270152,0.617987,0.580067
-0.000471,-0.020686,0.020080,-0.053006,-0.001206,-0.026064,-0.085937,-0.014184,0.291530,0.317173,0.330855,0.446086,0.293572,0.269101,0.622711,0.579720
-0.008798,-0.024901,0.016843,-0.052652,0.000171,-0.025644,-0.086252,-0.013551,0.286856,0.315064,0.332443,0.448398,0.291643,0.269125,0.620153,0.579402
0.003287,-0.018132,0.026786,-0.046493,0.000446,-0.025016,-0.081513,-0.014317,0.289409,0.307251,0.346650,0.448971,0.295340,0.269496,0.616961,0.581031
-0.003149,-0.018250,0.017142,-0.044474,0.000695,-0.026382,-0.080330,-0.014714,0.285073,0.312327,0.328154,0.448535,0.295871,0.270111,0.614685,0.579269
-0.000794,-0.020566,0.025274,-0.039443,-0.000599,-0.025870,-0.082000,-0.014739,0.288843,0.307960,0.339599,0.424498,0.295117,0.270552,0.611016,0.580073
0.002224,-0.023102,0.018810,-0.041028,-0.000039,-0.024412,-0.083301,-0.014655,0.284629,0.312792,0.338819,0.435633,0.294533,0.269611,0.616233,0.580939
-0.002513,-0.023142,0.022450,-0.037373,-0.001245,-0.025844,-0.083687,-0.014778,0.290010,0.313531,0.332920,0.438487,0.295990,0.269807,0.620955,0.582015
-0.004155,-0.025357,0.021008,-0.039910,0.000062,-0.024647,-0.082420,-0.014653,0.282164,0.314375,0.333400,0.435591,0.295116,0.269709,0.614877,0.580042
0.000586,-0.023351,0.017321,-0.039204,0.000347,-0.024413,-0.083639,-0.014049,0.289799,0.314554,0.343842,0.426432,0.293479,0.269687,0.622489,0.580208
0.000056,-0.021887,0.019763,-0.040739,-0.001621,-0.026350,-0.083365,-0.014609,0.293390,0.314274,0.332259,0.441435,0.295038,0.268933,0.621404,0.581130
-0.005218,-0.020868,0.020442,-0.050339,-0.000422,-0.025628,-0.084141,-0.014148,0.291754,0.315491,0.330122,0.445461,0.294386,0.269324,0.625139,0.581568
-0.004654,-0.022205,0.025027,-0.039811,0.001592,-0.023934,-0.083085,-0.013200,0.282641,0.311787,0.347870,0.446345,0.295234,0.268638,0.617681,0.580639
-0.004067,-0.022635,0.022683,-0.046235,0.001336,-0.024655,-0.085474,-0.013068,0.284860,0.312435,0.341953,0.442702,0.294742,0.268763,0.621708,0.579073
0.001121,-0.023087,0.026069,-0.039281,0.000317,-0.024009,-0.084063,-0.014320,0.281658,0.312755,0.340643,0.427966,0.293010,0.268871,0.616464,0.580401
-0.001117,-0.019495,0.025800,-0.039995,0.001344,-0.025157,-0.083994,-0.013253,0.288868,0.313178,0.334271,0.424126,0.293097,0.269293,0.613949,0.578935
0.001969,-0.026614,0.019602,-0.037908,0.000352,-0.025135,-0.083017,-0.013418,0.289448,0.313790,0.335720,0.436926,0.296737,0.270065,0.612813,0.579162
-0.001927,-0.025547,0.019015,-0.048044,0.000023,-0.025052,-0.083425,-0.013265,0.294036,0.317187,0.333164,0.437910,0.296148,0.270469,0.609488,0.578750
-0.002225,-0.021573,0.020004,-0.049452,-0.001139,-0.025512,-0.082881,-0.014061,0.286412,0.311584,0.341286,0.442447,0.294074,0.270688,0.616427,0.578500
-0.010139,-0.022196,0.021621,-0.043630,-0.001625,-0.025058,-0.082930,-0.013680,0.281743,0.310400,0.341606,0.442132,0.292515,0.270347,0.612490,0.579992
-0.000778,-0.017781,0.021376,-0.042482,-0.000614,-0.025499,-0.083238,-0.014242,0.289641,0.312498,0.334300,0.441663,0.292478,0.269699,0.618656,0.579850
-0.001054,-0.024554,0.021907,-0.053214,-0.000057,-0.026111,-0.084742,-0.013868,0.289269,0.315813,0.340758,0.448778,0.294115,0.269788,0.620841,0.579554
0.002137,-0.021790,0.022165,-0.049548,0.000133,-0.025169,-0.085398,-0.013771,0.290073,0.310794,0.335140,0.445324,0.293609,0.269976,0.619657,0.579532
-0.000422,-0.021398,0.020908,-0.049925,-0.000502,-0.026910,-0.085234,-0.013957,0.288616,0.313753,0.344819,0.439178,0.294656,0.269590,0.620843,0.580710
-0.000758,-0.020374,0.025537,-0.050757,-0.000103,-0.025819,-0.085919,-0.013007,0.286726,0.310603,0.351785,0.440858,0.295487,0.270508,0.616444,0.578878
0.002685,-0.025906,0.020065,-0.052923,0.000627,-0.025189,-0.086738,-0.012845,0.279702,0.315908,0.336439,0.464251,0.294692,0.269602,0.619553,0.579830
-0.004024,-0.019757,0.017806,-0.049940,0.000228,-0.025477,-0.085801,-0.013160,0.291826,0.314388,0.334802,0.440686,0.293064,0.270572,0.624019,0.579227
-0.007450,-0.017369,0.023010,-0.054766,-0.000587,-0.025077,-0.085253,-0.013643,0.288575,0.313977,0.345023,0.432868,0.292017,0.270152,0.617987,0.580067
-0.000471,-0.020686,0.020080,-0.053006,-0.001206,-0.026064,-0.085937,-0.014184,0.291530,0.317173,0.330855,0.446086,0.293572,0.269101,0.622711,0.579720
-0.008798,-0.024901,0.016843,-0.052652,0.000171,-0.025644,-0.086252,-0.013551,0.286856,0.315064,0.332443,0.448398,0.291643,0.269125,0.620153,0.579402
-0.004510,-0.026233,0.021528,-0.057821,-0.000240,-0.024306,-0.086437,-0.013545,0.286138,0.310772,0.337434,0.452029,0.291575,0.269057,0.618897,0.579081
0.000562,-0.021227,0.023991,-0.052253,0.000340,-0.025629,-0.085854,-0.013770,0.294443,0.315725,0.334564,0.449599,0.293665,0.270137,0.619406,0.579488
-0.004463,-0.021992,0.021579,-0.051027,-0.000264,-0.025065,-0.085473,-0.012516,0.289416,0.314014,0.335222,0.453363,0.293804,0.269974,0.618731,0.579160
0.000174,-0.021249,0.024762,-0.048014,-0.000422,-0.024800,-0.087386,-0.014494,0.286386,0.317432,0.331427,0.443261,0.294005,0.270155,0.621958,0.579923
0.001114,-0.021177,0.022638,-0.048258,-0.000636,-0.024360,-0.086644,-0.013254,0.277162,0.311879,0.343057,0.445165,0.292826,0.269283,0.618938,0.577977
0.000939,-0.022999,0.018789,-0.051634,-0.001704,-0.025637,-0.085479,-0.013345,0.282016,0.312977,0.339868,0.439204,0.292046,0.268963,0.619376,0.577508
-0.001960,-0.023767,0.022194,-0.051170,0.001451,-0.025359,-0.086944,-0.013369,0.283837,0.316250,0.329137,0.450557,0.291182,0.270256,0.617279,0.579414
-0.002845,-0.027555,0.021582,-0.051384,0.000716,-0.025972,-0.088151,-0.013419,0.285720,0.317680,0.330723,0.441631,0.293189,0.270880,0.616960,0.578518
0.000051,-0.022105,0.022800,-0.040728,0.002179,-0.024397,-0.087014,-0.014115,0.297552,0.314757,0.333377,0.432824,0.294318,0.270685,0.615010,0.579197
-0.002115,-0.025902,0.019450,-0.054178,-0.000952,-0.024774,-0.087290,-0.013833,0.294213,0.314849,0.330359,0.444385,0.292489,0.271013,0.614838,0.579577
0.000366,-0.023306,0.021802,-0.049409,0.000510,-0.024542,-0.086221,-0.012514,0.294031,0.311377,0.333388,0.448637,0.292365,0.270798,0.613222,0.576901
-0.003368,-0.023839,0.017935,-0.052726,0.000641,-0.025634,-0.086407,-0.013173,0.293153,0.312527,0.336226,0.451767,0.292640,0.270565,0.612693,0.579006
-0.001976,-0.018200,0.020536,-0.057440,0.000018,-0.024298,-0.086940,-0.013674,0.285637,0.312882,0.327768,0.452594,0.292319,0.270650,0.620681,0.580531
0.000206,-0.023239,0.018551,-0.053918,-0.000205,-0.024675,-0.086111,-0.013906,0.287161,0.316175,0.327050,0.441586,0.292979,0.269779,0.620176,0.579756
0.002365,-0.021202,0.020769,-0.055911,-0.000022,-0.025315,-0.087408,-0.013627,0.284609,0.315282,0.330668,0.448353,0.292449,0.269609,0.622141,0.580529
0.000756,-0.022647,0.022378,-0.050485,0.000705,-0.024510,-0.088896,-0.013979,0.287393,0.315755,0.335137,0.449467,0.293140,0.268822,0.628460,0.579374
0.001761,-0.021417,0.022675,-0.054361,0.000998,-0.023883,-0.087345,-0.013748,0.293463,0.316560,0.330732,0.437102,0.291676,0.269324,0.623064,0.578775
-0.002113,-0.026690,0.021817,-0.062019,-0.001208,-0.024791,-0.087729,-0.014175,0.282549,0.319061,0.327786,0.450246,0.290686,0.270426,0.622545,0.579373
-0.006987,-0.021153,0.020993,-0.058478,0.000910,-0.024545,-0.087212,-0.013725,0.287578,0.312331,0.338230,0.452341,0.291618,0.269818,0.618357,0.579834
-0.004937,-0.023886,0.022884,-0.051088,0.001397,-0.024999,-0.088141,-0.013112,0.284889,0.317308,0.335884,0.454253,0.292334,0.269906,0.616717,0.579008
-0.002628,-0.024599,0.021711,-0.053784,0.000857,-0.026259,-0.088157,-0.013354,0.291768,0.319173,0.329082,0.461738,0.292902,0.270150,0.623793,0.579835
-0.005004,-0.021747,0.019820,-0.058112,0.001830,-0.025050,-0.087490,-0.012614,0.289160,0.322854,0.330287,0.453741,0.292942,0.270088,0.619529,0.578019
-0.008254,-0.019104,0.024230,-0.059660,0.000352,-0.025302,-0.087741,-0.013206,0.291156,0.314153,0.333187,0.444159,0.292134,0.270322,0.619294,0.578432
-0.002635,-0.021677,0.021438,-0.061186,0.001062,-0.024826,-0.087671,-0.013741,0.280856,0.320384,0.335574,0.457451,0.292022,0.269889,0.620843,0.579625
0.000821,-0.020691,0.021986,-0.060432,0.002129,-0.023977,-0.087904,-0.012544,0.292956,0.316147,0.331095,0.432203,0.292373,0.269995,0.620833,0.578243
-0.003379,-0.024728,0.020720,-0.061341,0.001221,-0.025141,-0.086769,-0.013482,0.291891,0.314686,0.331496,0.442914,0.291891,0.268862,0.615881,0.578536
0.000752,-0.020030,0.018123,-0.060265,0.000489,-0.023836,-0.087271,-0.012204,0.291007,0.312685,0.332710,0.454516,0.291620,0.269060,0.623846,0.577379
-0.004510,-0.026233,0.021528,-0.057821,-0.000240,-0.024306,-0.086437,-0.013545,0.286138,0.310772,0.337434,0.452029,0.291575,0.269057,0.618897,0.579081
0.000562,-0.021227,0.023991,-0.052253,0.000340,-0.025629,-0.085854,-0.013770,0.294443,0.315725,0.334564,0.449599,0.293665,0.270137,0.619406,0.579488
-0.004463,-0.021992,0.021579,-0.051027,-0.000264,-0.025065,-0.085473,-0.012516,0.289416,0.314014,0.335222,0.453363,0.293804,0.269974,0.618731,0.579160
0.000174,-0.021249,0.024762,-0.048014,-0.000422,-0.024800,-0.087386,-0.014494,0.286386,0.317432,0.331427,0.443261,0.294005,0.270155,0.621958,0.579923
0.001114,-0.021177,0.022638,-0.048258,-0.000636,-0.024360,-0.086644,-0.013254,0.277162,0.311879,0.343057,0.445165,0.292826,0.269283,0.618938,0.577977
0.000939,-0.022999,0.018789,-0.051634,-0.001704,-0.025637,-0.085479,-0.013345,0.282016,0.312977,0.339868,0.439204,0.292046,0.268963,0.619376,0.577508
-0.001960,-0.023767,0.022194,-0.051170,0.001451,-0.025359,-0.086944,-0.013369,0.283837,0.316250,0.329137,0.450557,0.291182,0.270256,0.617279,0.579414
-0.002845,-0.027555,0.021582,-0.051384,0.000716,-0.025972,-0.088151,-0.013419,0.285720,0.317680,0.330723,0.441631,0.293189,0.270880,0.616960,0.578518
0.000051,-0.022105,0.022800,-0.040728,0.002179,-0.024397,-0.087014,-0.014115,0.297552,0.314757,0.333377,0.432824,0.294318,0.270685,0.615010,0.579197
-0.002115,-0.025902,0.019450,-0.054178,-0.000952,-0.024774,-0.087290,-0.013833,0.294213,0.314849,0.330359,0.444385,0.292489,0.271013,0.614838,0.579577
0.000366,-0.023306,0.021802,-0.049409,0.000510,-0.024542,-0.086221,-0.012514,0.294031,0.311377,0.333388,0.448637,0.292365,0.270798,0.613222,0.576901
-0.003368,-0.023839,0.017935,-0.052726,0.000641,-0.025634,-0.086407,-0.013173,0.293153,0.312527,0.336226,0.451767,0.292640,0.270565,0.612693,0.579006
-0.001976,-0.018200,0.020536,-0.057440,0.000018,-0.024298,-0.086940,-0.013674,0.285637,0.312882,0.327768,0.452594,0.292319,0.270650,0.620681,0.580531
0.000206,-0.023239,0.018551,-0.053918,-0.000205,-0.024675,-0.086111,-0.013906,0.287161,0.316175,0.327050,0.441586,0.292979,0.269779,0.620176,0.579756
0.002365,-0.021202,0.020769,-0.055911,-0.000022,-0.025315,-0.087408,-0.013627,0.284609,0.315282,0.330668,0.448353,0.292449,0.269609,0.622141,0.580529
0.000756,-0.022647,0.022378,-0.050485,0.000705,-0.024510,-0.088896,-0.013979,0.287393,0.315755,0.335137,0.449467,0.293140,0.268822,0.628460,0.579374
0.001761,-0.021417,0.022675,-0.054361,0.000998,-0.023883,-0.087345,-0.013748,0.293463,0.316560,0.330732,0.437102,0.291676,0.269324,0.623064,0.578775
-0.002113,-0.026690,0.021817,-0.062019,-0.001208,-0.024791,-0.087729,-0.014175,0.282549,0.319061,0.327786,0.450246,0.290686,0.270426,0.622545,0.579373
-0.006987,-0.021153,0.020993,-0.058478,0.000910,-0.024545,-0.087212,-0.013725,0.287578,0.312331,0.338230,0.452341,0.291618,0.269818,0.618357,0.579834
-0.004937,-0.023886,0.022884,-0.051088,0.001397,-0.024999,-0.088141,-0.013112,0.284889,0.317308,0.335884,0.454253,0.292334,0.269906,0.616717,0.579008
-0.002628,-0.024599,0.021711,-0.053784,0.000857,-0.026259,-0.088157,-0.013354,0.291768,0.319173,0.329082,0.461738,0.292902,0.270150,0.623793,0.579835
-0.005004,-0.021747,0.019820,-0.058112,0.001830,-0.025050,-0.087490,-0.012614,0.289160,0.322854,0.330287,0.453741,0.292942,0.270088,0.619529,0.578019
-0.008254,-0.019104,0.024230,-0.059660,0.000352,-0.025302,-0.087741,-0.013206,0.291156,0.314153,0.333187,0.444159,0.292134,0.270322,0.619294,0.578432
-0.002635,-0.021677,0.021438,-0.061186,0.001062,-0.024826,-0.087671,-0.013741,0.280856,0.320384,0.335574,0.457451,0.292022,0.269889,0.620843,0.579625
0.000821,-0.020691,0.021986,-0.060432,0.002129,-0.023977,-0.087904,-0.012544,0.292956,0.316147,0.331095,0.432203,0.292373,0.269995,0.620833,0.578243
-0.003379,-0.024728,0.020720,-0.061341,0.001221,-0.025141,-0.086769,-0.013482,0.291891,0.314686,0.331496,0.442914,0.291891,0.268862,0.615881,0.578536
0.000752,-0.020030,0.018123,-0.060265,0.000489,-0.023836,-0.087271,-0.012204,0.291007,0.312685,0.332710,0.454516,0.291620,0.269060,0.623846,0.577379
0.003840,-0.021845,0.022680,-0.058944,0.001600,-0.024870,-0.087291,-0.012734,0.291180,0.314788,0.331208,0.439754,0.292645,0.269060,0.618152,0.578384
-0.002605,-0.022107,0.021659,-0.057109,0.001609,-0.024782,-0.085639,-0.012636,0.286858,0.315647,0.327446,0.437898,0.292224,0.270059,0.612253,0.578077
0.000652,-0.020744,0.023554,-0.060741,0.001212,-0.025532,-0.088856,-0.012695,0.285997,0.315914,0.337065,0.444025,0.292146,0.270393,0.616927,0.578760
-0.005913,-0.020565,0.022719,-0.061499,0.000878,-0.025182,-0.087582,-0.013197,0.286737,0.317057,0.330689,0.444081,0.291538,0.270297,0.617468,0.578994
-0.001007,-0.022025,0.020909,-0.061780,0.001648,-0.025144,-0.089377,-0.012871,0.286582,0.317180,0.336873,0.446761,0.292072,0.269662,0.621332,0.579116
-0.003339,-0.020844,0.023230,-0.062339,0.000789,-0.024409,-0.088207,-0.012770,0.289161,0.316290,0.335958,0.453663,0.291807,0.270229,0.617395,0.578926
0.001949,-0.027192,0.020050,-0.060801,0.000956,-0.025915,-0.087566,-0.013856,0.285639,0.319334,0.334925,0.453487,0.290195,0.270187,0.614973,0.577977
-0.006089,-0.024661,0.019257,-0.056274,0.002019,-0.024996,-0.088164,-0.013265,0.288735,0.318668,0.322334,0.450101,0.291058,0.269716,0.615394,0.579117
-0.006166,-0.019780,0.023853,-0.062855,0.001949,-0.024236,-0.088237,-0.012951,0.287401,0.315951,0.324896,0.451809,0.293061,0.268452,0.621702,0.579262
0.001295,-0.021866,0.023312,-0.059227,0.001228,-0.024107,-0.088879,-0.013702,0.286574,0.316667,0.336627,0.433984,0.291787,0.268590,0.621833,0.580184
0.001541,-0.019286,0.022755,-0.065325,-0.001503,-0.024716,-0.089612,-0.013991,0.285832,0.316223,0.330573,0.451597,0.291626,0.268257,0.625848,0.580492
0.001106,-0.020482,0.024712,-0.056097,0.001231,-0.023863,-0.089074,-0.013159,0.281877,0.313278,0.333682,0.450590,0.289856,0.268392,0.621695,0.580695
0.000081,-0.017585,0.024012,-0.065013,0.001870,-0.023482,-0.088683,-0.013480,0.282895,0.312547,0.332025,0.451481,0.290423,0.268664,0.623795,0.579243
0.003261,-0.022333,0.026813,-0.064034,0.000676,-0.024434,-0.087727,-0.013992,0.291325,0.314834,0.330401,0.448017,0.290264,0.269057,0.618151,0.579919
0.002973,-0.022014,0.017781,-0.070911,0.001447,-0.024625,-0.090365,-0.013925,0.287574,0.309999,0.333215,0.445783,0.291484,0.269091,0.619838,0.579669
-0.000308,-0.024616,0.022041,-0.064494,0.001244,-0.023421,-0.090445,-0.013195,0.288029,0.312497,0.332780,0.446153,0.289682,0.268091,0.624795,0.579563
0.003679,-0.017362,0.021453,-0.063964,0.001207,-0.023568,-0.089582,-0.014510,0.291918,0.312507,0.325794,0.460680,0.289526,0.268700,0.621514,0.580853
-0.008506,-0.021373,0.018299,-0.060234,0.002064,-0.024072,-0.089225,-0.013643,0.291320,0.311861,0.322478,0.450700,0.290210,0.268670,0.619843,0.579314
-0.007516,-0.024233,0.022290,-0.062218,0.000967,-0.024734,-0.089623,-0.013636,0.293109,0.311174,0.333237,0.449199,0.289920,0.269146,0.617890,0.579506
-0.007160,-0.019677,0.029595,-0.066461,0.002131,-0.024124,-0.090930,-0.013240,0.286779,0.313054,0.333463,0.441209,0.290256,0.269063,0.622895,0.578724
0.001773,-0.024733,0.019238,-0.064426,-0.000092,-0.024725,-0.090511,-0.013718,0.292132,0.314565,0.327388,0.442770,0.289961,0.268497,0.622960,0.579217
-0.003568,-0.020521,0.022172,-0.066669,0.001385,-0.022337,-0.088240,-0.013012,0.291834,0.317041,0.321581,0.442051,0.291223,0.268297,0.614065,0.578237
-0.004340,-0.022135,0.022175,-0.057973,0.001224,-0.024164,-0.089290,-0.013495,0.279696,0.314214,0.332795,0.435577,0.291249,0.269484,0.616911,0.579027
-0.014832,-0.018781,0.024631,-0.067550,0.001765,-0.023921,-0.090152,-0.013254,0.285361,0.313181,0.326008,0.439269,0.289784,0.268618,0.621479,0.579229
-0.008673,-0.021507,0.022191,-0.065546,0.001700,-0.024899,-0.090934,-0.013562,0.292441,0.313296,0.319515,0.442647,0.291099,0.269257,0.617389,0.579683
-0.005829,-0.020275,0.021440,-0.071435,0.001139,-0.024250,-0.090450,-0.013500,0.284764,0.314750,0.320196,0.450438,0.290522,0.269109,0.620651,0.580190
-0.004117,-0.022474,0.025370,-0.062755,0.000615,-0.024193,-0.089366,-0.012380,0.283614,0.315536,0.317589,0.443157,0.289518,0.268719,0.621795,0.578674
0.003840,-0.021845,0.022680,-0.058944,0.001600,-0.024870,-0.087291,-0.012734,0.291180,0.314788,0.331208,0.439754,0.292645,0.269060,0.618152,0.578384
-0.002605,-0.022107,0.021659,-0.057109,0.001609,-0.024782,-0.085639,-0.012636,0.286858,0.315647,0.327446,0.437898,0.292224,0.270059,0.612253,0.578077
0.000652,-0.020744,0.023554,-0.060741,0.001212,-0.025532,-0.088856,-0.012695,0.285997,0.315914,0.337065,0.444025,0.292146,0.270393,0.616927,0.578760
-0.005913,-0.020565,0.022719,-0.061499,0.000878,-0.025182,-0.087582,-0.013197,0.286737,0.317057,0.330689,0.444081,0.291538,0.270297,0.617468,0.578994
-0.001007,-0.022025,0.020909,-0.061780,0.001648,-0.025144,-0.089377,-0.012871,0.286582,0.317180,0.336873,0.446761,0.292072,0.269662,0.621332,0.579116
-0.003339,-0.020844,0.023230,-0.062339,0.000789,-0.024409,-0.088207,-0.012770,0.289161,0.316290,0.335958,0.453663,0.291807,0.270229,0.617395,0.578926
0.001949,-0.027192,0.020050,-0.060801,0.000956,-0.025915,-0.087566,-0.013856,0.285639,0.319334,0.334925,0.453487,0.290195,0.270187,0.614973,0.577977
-0.006089,-0.024661,0.019257,-0.056274,0.002019,-0.024996,-0.088164,-0.013265,0.288735,0.318668,0.322334,0.450101,0.291058,0.269716,0.615394,0.579117
-0.006166,-0.019780,0.023853,-0.062855,0.001949,-0.024236,-0.088237,-0.012951,0.287401,0.315951,0.324896,0.451809,0.293061,0.268452,0.621702,0.579262
0.001295,-0.021866,0.023312,-0.059227,0.001228,-0.024107,-0.088879,-0.013702,0.286574,0.316667,0.336627,0.433984,0.291787,0.268590,0.621833,0.580184
0.001541,-0.019286,0.022755,-0.065325,-0.001503,-0.024716,-0.089612,-0.013991,0.285832,0.316223,0.330573,0.451597,0.291626,0.268257,0.625848,0.580492
0.001106,-0.020482,0.024712,-0.056097,0.001231,-0.023863,-0.089074,-0.013159,0.281877,0.313278,0.333682,0.450590,0.289856,0.268392,0.621695,0.580695
0.000081,-0.017585,0.024012,-0.065013,0.001870,-0.023482,-0.088683,-0.013480,0.282895,0.312547,0.332025,0.451481,0.290423,0.268664,0.623795,0.579243
0.003261,-0.022333,0.026813,-0.064034,0.000676,-0.024434,-0.087727,-0.013992,0.291325,0.314834,0.330401,0.448017,0.290264,0.269057,0.618151,0.579919
0.002973,-0.022014,0.017781,-0.070911,0.001447,-0.024625,-0.090365,-0.013925,0.287574,0.309999,0.333215,0.445783,0.291484,0.269091,0.619838,0.579669
-0.000308,-0.024616,0.022041,-0.064494,0.001244,-0.023421,-0.090445,-0.013195,0.288029,0.312497,0.332780,0.446153,0.289682,0.268091,0.624795,0.579563
0.003679,-0.017362,0.021453,-0.063964,0.001207,-0.023568,-0.089582,-0.014510,0.291918,0.312507,0.325794,0.460680,0.289526,0.268700,0.621514,0.580853
-0.008506,-0.021373,0.018299,-0.060234,0.002064,-0.024072,-0.089225,-0.013643,0.291320,0.311861,0.322478,0.450700,0.290210,0.268670,0.619843,0.579314
-0.007516,-0.024233,0.022290,-0.062218,0.000967,-0.024734,-0.089623,-0.013636,0.293109,0.311174,0.333237,0.449199,0.289920,0.269146,0.617890,0.579506
-0.007160,-0.019677,0.029595,-0.066461,0.002131,-0.024124,-0.090930,-0.013240,0.286779,0.313054,0.333463,0.441209,0.290256,0.269063,0.622895,0.578724
0.001773,-0.024733,0.019238,-0.064426,-0.000092,-0.024725,-0.090511,-0.013718,0.292132,0.314565,0.327388,0.442770,0.289961,0.268497,0.622960,0.579217
-0.003568,-0.020521,0.022172,-0.066669,0.001385,-0.022337,-0.088240,-0.013012,0.291834,0.317041,0.321581,0.442051,0.291223,0.268297,0.614065,0.578237
-0.004340,-0.022135,0.022175,-0.057973,0.001224,-0.024164,-0.089290,-0.013495,0.279696,0.314214,0.332795,0.435577,0.291249,0.269484,0.616911,0.579027
-0.014832,-0.018781,0.024631,-0.067550,0.001765,-0.023921,-0.090152,-0.013254,0.285361,0.313181,0.326008,0.439269,0.289784,0.268618,0.621479,0.579229
-0.008673,-0.021507,0.022191,-0.065546,0.001700,-0.024899,-0.090934,-0.013562,0.292441,0.313296,0.319515,0.442647,0.291099,0.269257,0.617389,0.579683
-0.005829,-0.020275,0.021440,-0.071435,0.001139,-0.024250,-0.090450,-0.013500,0.284764,0.314750,0.320196,0.450438,0.290522,0.269109,0.620651,0.580190
-0.004117,-0.022474,0.025370,-0.062755,0.000615,-0.024193,-0.089366,-0.012380,0.283614,0.315536,0.317589,0.443157,0.289518,0.268719,0.621795,0.578674
-0.009180,-0.020440,0.022578,-0.067313,0.001681,-0.023628,-0.090330,-0.012610,0.294649,0.317794,0.323847,0.445216,0.290857,0.268402,0.622203,0.578487
-0.007513,-0.020550,0.022288,-0.065149,0.000638,-0.022936,-0.090950,-0.012583,0.282998,0.321066,0.316874,0.444829,0.290030,0.268000,0.622151,0.578144
-0.011571,-0.020279,0.024150,-0.065791,0.001078,-0.024210,-0.090714,-0.012891,0.293750,0.318085,0.324878,0.449394,0.289120,0.268267,0.618994,0.580126
0.001798,-0.022896,0.030034,-0.069169,0.000395,-0.025323,-0.089226,-0.012925,0.293819,0.311265,0.328401,0.448198,0.290571,0.268416,0.614575,0.576985
0.001437,-0.025613,0.020751,-0.066622,0.001145,-0.025408,-0.090159,-0.011996,0.288949,0.314013,0.329126,0.445276,0.289755,0.267557,0.617410,0.578174
-0.001374,-0.021404,0.024518,-0.069339,0.001963,-0.024663,-0.089502,-0.012158,0.283464,0.315128,0.336522,0.460131,0.290241,0.268964,0.614417,0.578111
-0.001188,-0.022341,0.021248,-0.062916,0.001632,-0.024978,-0.091031,-0.012232,0.292453,0.312159,0.327316,0.431532,0.289872,0.268102,0.619666,0.577957
0.000271,-0.023267,0.025780,-0.059812,0.001141,-0.023997,-0.091429,-0.012160,0.287246,0.314083,0.324339,0.438125,0.289062,0.267505,0.620530,0.578228
-0.002168,-0.022815,0.022043,-0.058302,0.000709,-0.023808,-0.090745,-0.011587,0.289839,0.308662,0.321311,0.447055,0.288734,0.267385,0.620539,0.577179
-0.002419,-0.016842,0.023468,-0.066421,0.000404,-0.024984,-0.090814,-0.012347,0.290995,0.313182,0.321247,0.434933,0.290762,0.268228,0.615509,0.578498
0.002228,-0.021238,0.022799,-0.074044,0.001653,-0.025190,-0.091468,-0.011842,0.285015,0.319872,0.327019,0.460622,0.290086,0.267514,0.625545,0.578702
-0.000960,-0.022163,0.020264,-0.073207,0.000635,-0.024860,-0.090269,-0.012795,0.285385,0.313682,0.325845,0.471624,0.289154,0.267261,0.622811,0.579011
-0.006709,-0.024300,0.024058,-0.062226,0.002243,-0.023297,-0.091269,-0.012427,0.293666,0.316372,0.327442,0.446465,0.289494,0.267100,0.623507,0.578542
-0.002095,-0.022958,0.020288,-0.066314,0.000970,-0.023693,-0.090972,-0.011510,0.285238,0.313937,0.324520,0.445041,0.290246,0.266748,0.621528,0.577818
0.000744,-0.025310,0.026635,-0.067416,0.000908,-0.024165,-0.092699,-0.011164,0.288896,0.312945,0.328869,0.453365,0.289935,0.267075,0.618515,0.576721
0.001779,-0.020774,0.026524,-0.066947,0.001972,-0.025668,-0.089851,-0.012022,0.288989,0.313436,0.328046,0.435473,0.291180,0.267299,0.617653,0.577444
-0.009180,-0.020440,0.022578,-0.067313,0.001681,-0.023628,-0.090330,-0.012610,0.294649,0.317794,0.323847,0.445216,0.290857,0.268402,0.622203,0.578487
-0.007513,-0.020550,0.022288,-0.065149,0.000638,-0.022936,-0.090950,-0.012583,0.282998,0.321066,0.316874,0.444829,0.290030,0.268000,0.622151,0.578144
-0.011571,-0.020279,0.024150,-0.065791,0.001078,-0.024210,-0.090714,-0.012891,0.293750,0.318085,0.324878,0.449394,0.289120,0.268267,0.618994,0.580126
0.001798,-0.022896,0.030034,-0.069169,0.000395,-0.025323,-0.089226,-0.012925,0.293819,0.311265,0.328401,0.448198,0.290571,0.268416,0.614575,0.576985
0.001437,-0.025613,0.020751,-0.066622,0.001145,-0.025408,-0.090159,-0.011996,0.288949,0.314013,0.329126,0.445276,0.289755,0.267557,0.617410,0.578174
-0.001374,-0.021404,0.024518,-0.069339,0.001963,-0.024663,-0.089502,-0.012158,0.283464,0.315128,0.336522,0.460131,0.290241,0.268964,0.614417,0.578111
-0.001188,-0.022341,0.021248,-0.062916,0.001632,-0.024978,-0.091031,-0.012232,0.292453,0.312159,0.327316,0.431532,0.289872,0.268102,0.619666,0.577957
0.000271,-0.023267,0.025780,-0.059812,0.001141,-0.023997,-0.091429,-0.012160,0.287246,0.314083,0.324339,0.438125,0.289062,0.267505,0.620530,0.578228
-0.002168,-0.022815,0.022043,-0.058302,0.000709,-0.023808,-0.090745,-0.011587,0.289839,0.308662,0.321311,0.447055,0.288734,0.267385,0.620539,0.577179
-0.002419,-0.016842,0.023468,-0.066421,0.000404,-0.024984,-0.090814,-0.012347,0.290995,0.313182,0.321247,0.434933,0.290762,0.268228,0.615509,0.578498
0.002228,-0.021238,0.022799,-0.074044,0.001653,-0.025190,-0.091468,-0.011842,0.285015,0.319872,0.327019,0.460622,0.290086,0.267514,0.625545,0.578702
-0.000960,-0.022163,0.020264,-0.073207,0.000635,-0.024860,-0.090269,-0.012795,0.285385,0.313682,0.325845,0.471624,0.289154,0.267261,0.622811,0.579011
-0.006709,-0.024300,0.024058,-0.062226,0.002243,-0.023297,-0.091269,-0.012427,0.293666,0.316372,0.327442,0.446465,0.289494,0.267100,0.623507,0.578542
-0.002095,-0.022958,0.020288,-0.066314,0.000970,-0.023693,-0.090972,-0.011510,0.285238,0.313937,0.324520,0.445041,0.290246,0.266748,0.621528,0.577818
0.000744,-0.025310,0.026635,-0.067416,0.000908,-0.024165,-0.092699,-0.011164,0.288896,0.312945,0.328869,0.453365,0.289935,0.267075,0.618515,0.576721
0.001779,-0.020774,0.026524,-0.066947,0.001972,-0.025668,-0.089851,-0.012022,0.288989,0.313436,0.328046,0.435473,0.291180,0.267299,0.617653,0.577444
1_mean,2_mean,3_mean,4_mean,5_mean,6_mean,7_mean,8_mean,1_std,2_std,3_std,4_std,5_std,6_std,7_std,8_std
0.009741,-0.002616,0.010579,0.001565,-0.005153,-0.013569,-0.038261,-0.022797,0.292074,0.531805,0.563375,0.551105,0.574623,0.578002,0.668121,0.626882
0.011355,-0.000724,0.012105,-0.009989,-0.007476,-0.018159,-0.044804,-0.022361,0.258050,0.396638,0.425201,0.446922,0.466905,0.487832,0.650170,0.617216
0.005379,-0.008275,0.011065,-0.013646,-0.006865,-0.022288,-0.051534,-0.021410,0.251149,0.342533,0.368284,0.403645,0.404487,0.432124,0.643012,0.615103
-0.006851,-0.013631,0.011087,-0.017787,-0.006600,-0.023995,-0.056823,-0.021404,0.261205,0.329320,0.355455,0.390018,0.364639,0.395932,0.642680,0.611845
0.008030,-0.017666,0.007415,-0.025489,-0.005573,-0.025955,-0.059269,-0.021645,0.265335,0.325450,0.340309,0.382150,0.339501,0.368961,0.636323,0.609122
0.003923,-0.012121,0.012736,-0.017339,-0.005141,-0.025267,-0.060950,-0.020534,0.273765,0.330131,0.334204,0.357173,0.327413,0.349622,0.636749,0.605623
1_mean,2_mean,3_mean,4_mean,5_mean,6_mean,7_mean,8_mean,1_std,2_std,3_std,4_std,5_std,6_std,7_std,8_std
0.005192,-0.011690,0.015150,-0.031307,-0.005367,-0.026706,-0.038395,-0.014578,0.259226,0.461344,0.497121,0.527406,0.553463,0.562120,0.666625,0.590340
0.005392,-0.013435,0.011678,-0.032905,-0.006251,-0.032063,-0.045040,-0.011624,0.256650,0.340632,0.370971,0.441444,0.448693,0.484036,0.649045,0.581331
0.008960,-0.019540,-0.001522,-0.044112,-0.007262,-0.036090,-0.049476,-0.011753,0.260990,0.336706,0.355339,0.434537,0.397814,0.437186,0.638941,0.574851
-0.011541,-0.025278,-0.000647,-0.039797,-0.006812,-0.035408,-0.052905,-0.013933,0.276250,0.338874,0.347663,0.398371,0.377594,0.406870,0.635406,0.571324
-0.001921,-0.020586,0.002695,-0.037356,-0.007543,-0.035296,-0.057118,-0.011034,0.287509,0.349150,0.333582,0.389739,0.369225,0.383459,0.640748,0.563495
-0.001820,-0.028144,0.000640,-0.042483,-0.006481,-0.033611,-0.058788,-0.011265,0.292136,0.364096,0.331329,0.393635,0.360343,0.368018,0.635980,0.562453
1_mean,2_mean,3_mean,4_mean,5_mean,6_mean,7_mean,8_mean,1_std,2_std,3_std,4_std,5_std,6_std,7_std,8_std
0.009741,-0.002616,0.010579,0.001565,-0.005153,-0.013569,-0.038261,-0.022797,0.292074,0.531805,0.563375,0.551105,0.574623,0.578002,0.668121,0.626882
0.011355,-0.000724,0.012105,-0.009989,-0.007476,-0.018159,-0.044804,-0.022361,0.258050,0.396638,0.425201,0.446922,0.466905,0.487832,0.650170,0.617216
0.005379,-0.008275,0.011065,-0.013646,-0.006865,-0.022288,-0.051534,-0.021410,0.251149,0.342533,0.368284,0.403645,0.404487,0.432124,0.643012,0.615103
-0.006851,-0.013631,0.011087,-0.017787,-0.006600,-0.023995,-0.056823,-0.021404,0.261205,0.329320,0.355455,0.390018,0.364639,0.395932,0.642680,0.611845
0.008030,-0.017666,0.007415,-0.025489,-0.005573,-0.025955,-0.059269,-0.021645,0.265335,0.325450,0.340309,0.382150,0.339501,0.368961,0.636323,0.609122
0.003923,-0.012121,0.012736,-0.017339,-0.005141,-0.025267,-0.060950,-0.020534,0.273765,0.330131,0.334204,0.357173,0.327413,0.349622,0.636749,0.605623
1_mean,2_mean,3_mean,4_mean,5_mean,6_mean,7_mean,8_mean,1_std,2_std,3_std,4_std,5_std,6_std,7_std,8_std
0.005192,-0.011690,0.015150,-0.031307,-0.005367,-0.026706,-0.038395,-0.014578,0.259226,0.461344,0.497121,0.527406,0.553463,0.562120,0.666625,0.590340
0.005392,-0.013435,0.011678,-0.032905,-0.006251,-0.032063,-0.045040,-0.011624,0.256650,0.340632,0.370971,0.441444,0.448693,0.484036,0.649045,0.581331
0.008960,-0.019540,-0.001522,-0.044112,-0.007262,-0.036090,-0.049476,-0.011753,0.260990,0.336706,0.355339,0.434537,0.397814,0.437186,0.638941,0.574851
-0.011541,-0.025278,-0.000647,-0.039797,-0.006812,-0.035408,-0.052905,-0.013933,0.276250,0.338874,0.347663,0.398371,0.377594,0.406870,0.635406,0.571324
-0.001921,-0.020586,0.002695,-0.037356,-0.007543,-0.035296,-0.057118,-0.011034,0.287509,0.349150,0.333582,0.389739,0.369225,0.383459,0.640748,0.563495
-0.001820,-0.028144,0.000640,-0.042483,-0.006481,-0.033611,-0.058788,-0.011265,0.292136,0.364096,0.331329,0.393635,0.360343,0.368018,0.635980,0.562453
1_mean,2_mean,3_mean,4_mean,5_mean,6_mean,7_mean,8_mean,1_std,2_std,3_std,4_std,5_std,6_std,7_std,8_std
0.009741,-0.002616,0.010579,0.001565,-0.005153,-0.013569,-0.038261,-0.022797,0.292074,0.531805,0.563375,0.551105,0.574623,0.578002,0.668121,0.626882
0.011355,-0.000724,0.012105,-0.009989,-0.007476,-0.018159,-0.044804,-0.022361,0.258050,0.396638,0.425201,0.446922,0.466905,0.487832,0.650170,0.617216
0.005379,-0.008275,0.011065,-0.013646,-0.006865,-0.022288,-0.051534,-0.021410,0.251149,0.342533,0.368284,0.403645,0.404487,0.432124,0.643012,0.615103
-0.006851,-0.013631,0.011087,-0.017787,-0.006600,-0.023995,-0.056823,-0.021404,0.261205,0.329320,0.355455,0.390018,0.364639,0.395932,0.642680,0.611845
0.008030,-0.017666,0.007415,-0.025489,-0.005573,-0.025955,-0.059269,-0.021645,0.265335,0.325450,0.340309,0.382150,0.339501,0.368961,0.636323,0.609122
0.003923,-0.012121,0.012736,-0.017339,-0.005141,-0.025267,-0.060950,-0.020534,0.273765,0.330131,0.334204,0.357173,0.327413,0.349622,0.636749,0.605623
1_mean,2_mean,3_mean,4_mean,5_mean,6_mean,7_mean,8_mean,1_std,2_std,3_std,4_std,5_std,6_std,7_std,8_std
0.005192,-0.011690,0.015150,-0.031307,-0.005367,-0.026706,-0.038395,-0.014578,0.259226,0.461344,0.497121,0.527406,0.553463,0.562120,0.666625,0.590340
0.005392,-0.013435,0.011678,-0.032905,-0.006251,-0.032063,-0.045040,-0.011624,0.256650,0.340632,0.370971,0.441444,0.448693,0.484036,0.649045,0.581331
0.008960,-0.019540,-0.001522,-0.044112,-0.007262,-0.036090,-0.049476,-0.011753,0.260990,0.336706,0.355339,0.434537,0.397814,0.437186,0.638941,0.574851
-0.011541,-0.025278,-0.000647,-0.039797,-0.006812,-0.035408,-0.052905,-0.013933,0.276250,0.338874,0.347663,0.398371,0.377594,0.406870,0.635406,0.571324
-0.001921,-0.020586,0.002695,-0.037356,-0.007543,-0.035296,-0.057118,-0.011034,0.287509,0.349150,0.333582,0.389739,0.369225,0.383459,0.640748,0.563495
-0.001820,-0.028144,0.000640,-0.042483,-0.006481,-0.033611,-0.058788,-0.011265,0.292136,0.364096,0.331329,0.393635,0.360343,0.368018,0.635980,0.562453
1_mean,2_mean,3_mean,4_mean,5_mean,6_mean,7_mean,8_mean,1_std,2_std,3_std,4_std,5_std,6_std,7_std,8_std
0.009741,-0.002616,0.010579,0.001565,-0.005153,-0.013569,-0.038261,-0.022797,0.292074,0.531805,0.563375,0.551105,0.574623,0.578002,0.668121,0.626882
0.011355,-0.000724,0.012105,-0.009989,-0.007476,-0.018159,-0.044804,-0.022361,0.258050,0.396638,0.425201,0.446922,0.466905,0.487832,0.650170,0.617216
0.005379,-0.008275,0.011065,-0.013646,-0.006865,-0.022288,-0.051534,-0.021410,0.251149,0.342533,0.368284,0.403645,0.404487,0.432124,0.643012,0.615103
-0.006851,-0.013631,0.011087,-0.017787,-0.006600,-0.023995,-0.056823,-0.021404,0.261205,0.329320,0.355455,0.390018,0.364639,0.395932,0.642680,0.611845
0.008030,-0.017666,0.007415,-0.025489,-0.005573,-0.025955,-0.059269,-0.021645,0.265335,0.325450,0.340309,0.382150,0.339501,0.368961,0.636323,0.609122
0.003923,-0.012121,0.012736,-0.017339,-0.005141,-0.025267,-0.060950,-0.020534,0.273765,0.330131,0.334204,0.357173,0.327413,0.349622,0.636749,0.605623
1_mean,2_mean,3_mean,4_mean,5_mean,6_mean,7_mean,8_mean,1_std,2_std,3_std,4_std,5_std,6_std,7_std,8_std
0.005192,-0.011690,0.015150,-0.031307,-0.005367,-0.026706,-0.038395,-0.014578,0.259226,0.461344,0.497121,0.527406,0.553463,0.562120,0.666625,0.590340
0.005392,-0.013435,0.011678,-0.032905,-0.006251,-0.032063,-0.045040,-0.011624,0.256650,0.340632,0.370971,0.441444,0.448693,0.484036,0.649045,0.581331
0.008960,-0.019540,-0.001522,-0.044112,-0.007262,-0.036090,-0.049476,-0.011753,0.260990,0.336706,0.355339,0.434537,0.397814,0.437186,0.638941,0.574851
-0.011541,-0.025278,-0.000647,-0.039797,-0.006812,-0.035408,-0.052905,-0.013933,0.276250,0.338874,0.347663,0.398371,0.377594,0.406870,0.635406,0.571324
-0.001921,-0.020586,0.002695,-0.037356,-0.007543,-0.035296,-0.057118,-0.011034,0.287509,0.349150,0.333582,0.389739,0.369225,0.383459,0.640748,0.563495
-0.001820,-0.028144,0.000640,-0.042483,-0.006481,-0.033611,-0.058788,-0.011265,0.292136,0.364096,0.331329,0.393635,0.360343,0.368018,0.635980,0.562453
1_mean,2_mean,3_mean,4_mean,5_mean,6_mean,7_mean,8_mean,1_std,2_std,3_std,4_std,5_std,6_std,7_std,8_std
0.009741,-0.002616,0.010579,0.001565,-0.005153,-0.013569,-0.038261,-0.022797,0.292074,0.531805,0.563375,0.551105,0.574623,0.578002,0.668121,0.626882
0.011355,-0.000724,0.012105,-0.009989,-0.007476,-0.018159,-0.044804,-0.022361,0.258050,0.396638,0.425201,0.446922,0.466905,0.487832,0.650170,0.617216
0.005379,-0.008275,0.011065,-0.013646,-0.006865,-0.022288,-0.051534,-0.021410,0.251149,0.342533,0.368284,0.403645,0.404487,0.432124,0.643012,0.615103
-0.006851,-0.013631,0.011087,-0.017787,-0.006600,-0.023995,-0.056823,-0.021404,0.261205,0.329320,0.355455,0.390018,0.364639,0.395932,0.642680,0.611845
0.008030,-0.017666,0.007415,-0.025489,-0.005573,-0.025955,-0.059269,-0.021645,0.265335,0.325450,0.340309,0.382150,0.339501,0.368961,0.636323,0.609122
0.003923,-0.012121,0.012736,-0.017339,-0.005141,-0.025267,-0.060950,-0.020534,0.273765,0.330131,0.334204,0.357173,0.327413,0.349622,0.636749,0.605623
1_mean,2_mean,3_mean,4_mean,5_mean,6_mean,7_mean,8_mean,1_std,2_std,3_std,4_std,5_std,6_std,7_std,8_std
0.005192,-0.011690,0.015150,-0.031307,-0.005367,-0.026706,-0.038395,-0.014578,0.259226,0.461344,0.497121,0.527406,0.553463,0.562120,0.666625,0.590340
0.005392,-0.013435,0.011678,-0.032905,-0.006251,-0.032063,-0.045040,-0.011624,0.256650,0.340632,0.370971,0.441444,0.448693,0.484036,0.649045,0.581331
0.008960,-0.019540,-0.001522,-0.044112,-0.007262,-0.036090,-0.049476,-0.011753,0.260990,0.336706,0.355339,0.434537,0.397814,0.437186,0.638941,0.574851
-0.011541,-0.025278,-0.000647,-0.039797,-0.006812,-0.035408,-0.052905,-0.013933,0.276250,0.338874,0.347663,0.398371,0.377594,0.406870,0.635406,0.571324
-0.001921,-0.020586,0.002695,-0.037356,-0.007543,-0.035296,-0.057118,-0.011034,0.287509,0.349150,0.333582,0.389739,0.369225,0.383459,0.640748,0.563495
-0.001820,-0.028144,0.000640,-0.042483,-0.006481,-0.033611,-0.058788,-0.011265,0.292136,0.364096,0.331329,0.393635,0.360343,0.368018,0.635980,0.562453
1_mean,2_mean,3_mean,4_mean,5_mean,6_mean,7_mean,8_mean,1_std,2_std,3_std,4_std,5_std,6_std,7_std,8_std
0.009741,-0.002616,0.010579,0.001565,-0.005153,-0.013569,-0.038261,-0.022797,0.292074,0.531805,0.563375,0.551105,0.574623,0.578002,0.668121,0.626882
0.011355,-0.000724,0.012105,-0.009989,-0.007476,-0.018159,-0.044804,-0.022361,0.258050,0.396638,0.425201,0.446922,0.466905,0.487832,0.650170,0.617216
0.005379,-0.008275,0.011065,-0.013646,-0.006865,-0.022288,-0.051534,-0.021410,0.251149,0.342533,0.368284,0.403645,0.404487,0.432124,0.643012,0.615103
-0.006851,-0.013631,0.011087,-0.017787,-0.006600,-0.023995,-0.056823,-0.021404,0.261205,0.329320,0.355455,0.390018,0.364639,0.395932,0.642680,0.611845
0.008030,-0.017666,0.007415,-0.025489,-0.005573,-0.025955,-0.059269,-0.021645,0.265335,0.325450,0.340309,0.382150,0.339501,0.368961,0.636323,0.609122
0.003923,-0.012121,0.012736,-0.017339,-0.005141,-0.025267,-0.060950,-0.020534,0.273765,0.330131,0.334204,0.357173,0.327413,0.349622,0.636749,0.605623
1_mean,2_mean,3_mean,4_mean,5_mean,6_mean,7_mean,8_mean,1_std,2_std,3_std,4_std,5_std,6_std,7_std,8_std
0.005192,-0.011690,0.015150,-0.031307,-0.005367,-0.026706,-0.038395,-0.014578,0.259226,0.461344,0.497121,0.527406,0.553463,0.562120,0.666625,0.590340
0.005392,-0.013435,0.011678,-0.032905,-0.006251,-0.032063,-0.045040,-0.011624,0.256650,0.340632,0.370971,0.441444,0.448693,0.484036,0.649045,0.581331
0.008960,-0.019540,-0.001522,-0.044112,-0.007262,-0.036090,-0.049476,-0.011753,0.260990,0.336706,0.355339,0.434537,0.397814,0.437186,0.638941,0.574851
-0.011541,-0.025278,-0.000647,-0.039797,-0.006812,-0.035408,-0.052905,-0.013933,0.276250,0.338874,0.347663,0.398371,0.377594,0.406870,0.635406,0.571324
-0.001921,-0.020586,0.002695,-0.037356,-0.007543,-0.035296,-0.057118,-0.011034,0.287509,0.349150,0.333582,0.389739,0.369225,0.383459,0.640748,0.563495
-0.001820,-0.028144,0.000640,-0.042483,-0.006481,-0.033611,-0.058788,-0.011265,0.292136,0.364096,0.331329,0.393635,0.360343,0.368018,0.635980,0.562453
1_mean,2_mean,3_mean,4_mean,5_mean,6_mean,7_mean,8_mean,1_std,2_std,3_std,4_std,5_std,6_std,7_std,8_std
1_mean,2_mean,3_mean,4_mean,5_mean,6_mean,7_mean,8_mean,1_std,2_std,3_std,4_std,5_std,6_std,7_std,8_std
1_mean,2_mean,3_mean,4_mean,5_mean,6_mean,7_mean,8_mean,1_std,2_std,3_std,4_std,5_std,6_std,7_std,8_std
0.009741,-0.002616,0.010579,0.001565,-0.005153,-0.013569,-0.038261,-0.022797,0.292074,0.531805,0.563375,0.551105,0.574623,0.578002,0.668121,0.626882
0.011355,-0.000724,0.012105,-0.009989,-0.007476,-0.018159,-0.044804,-0.022361,0.258050,0.396638,0.425201,0.446922,0.466905,0.487832,0.650170,0.617216
0.005379,-0.008275,0.011065,-0.013646,-0.006865,-0.022288,-0.051534,-0.021410,0.251149,0.342533,0.368284,0.403645,0.404487,0.432124,0.643012,0.615103
-0.006851,-0.013631,0.011087,-0.017787,-0.006600,-0.023995,-0.056823,-0.021404,0.261205,0.329320,0.355455,0.390018,0.364639,0.395932,0.642680,0.611845
0.008030,-0.017666,0.007415,-0.025489,-0.005573,-0.025955,-0.059269,-0.021645,0.265335,0.325450,0.340309,0.382150,0.339501,0.368961,0.636323,0.609122
0.003923,-0.012121,0.012736,-0.017339,-0.005141,-0.025267,-0.060950,-0.020534,0.273765,0.330131,0.334204,0.357173,0.327413,0.349622,0.636749,0.605623
1_mean,2_mean,3_mean,4_mean,5_mean,6_mean,7_mean,8_mean,1_std,2_std,3_std,4_std,5_std,6_std,7_std,8_std
0.005192,-0.011690,0.015150,-0.031307,-0.005367,-0.026706,-0.038395,-0.014578,0.259226,0.461344,0.497121,0.527406,0.553463,0.562120,0.666625,0.590340
0.005392,-0.013435,0.011678,-0.032905,-0.006251,-0.032063,-0.045040,-0.011624,0.256650,0.340632,0.370971,0.441444,0.448693,0.484036,0.649045,0.581331
0.008960,-0.019540,-0.001522,-0.044112,-0.007262,-0.036090,-0.049476,-0.011753,0.260990,0.336706,0.355339,0.434537,0.397814,0.437186,0.638941,0.574851
-0.011541,-0.025278,-0.000647,-0.039797,-0.006812,-0.035408,-0.052905,-0.013933,0.276250,0.338874,0.347663,0.398371,0.377594,0.406870,0.635406,0.571324
-0.001921,-0.020586,0.002695,-0.037356,-0.007543,-0.035296,-0.057118,-0.011034,0.287509,0.349150,0.333582,0.389739,0.369225,0.383459,0.640748,0.563495
-0.001820,-0.028144,0.000640,-0.042483,-0.006481,-0.033611,-0.058788,-0.011265,0.292136,0.364096,0.331329,0.393635,0.360343,0.368018,0.635980,0.562453
1_mean,2_mean,3_mean,4_mean,5_mean,6_mean,7_mean,8_mean,1_std,2_std,3_std,4_std,5_std,6_std,7_std,8_std
0.009741,-0.002616,0.010579,0.001565,-0.005153,-0.013569,-0.038261,-0.022797,0.292074,0.531805,0.563375,0.551105,0.574623,0.578002,0.668121,0.626882
0.011355,-0.000724,0.012105,-0.009989,-0.007476,-0.018159,-0.044804,-0.022361,0.258050,0.396638,0.425201,0.446922,0.466905,0.487832,0.650170,0.617216
0.005379,-0.008275,0.011065,-0.013646,-0.006865,-0.022288,-0.051534,-0.021410,0.251149,0.342533,0.368284,0.403645,0.404487,0.432124,0.643012,0.615103
-0.006851,-0.013631,0.011087,-0.017787,-0.006600,-0.023995,-0.056823,-0.021404,0.261205,0.329320,0.355455,0.390018,0.364639,0.395932,0.642680,0.611845
0.008030,-0.017666,0.007415,-0.025489,-0.005573,-0.025955,-0.059269,-0.021645,0.265335,0.325450,0.340309,0.382150,0.339501,0.368961,0.636323,0.609122
0.003923,-0.012121,0.012736,-0.017339,-0.005141,-0.025267,-0.060950,-0.020534,0.273765,0.330131,0.334204,0.357173,0.327413,0.349622,0.636749,0.605623
1_mean,2_mean,3_mean,4_mean,5_mean,6_mean,7_mean,8_mean,1_std,2_std,3_std,4_std,5_std,6_std,7_std,8_std
0.005192,-0.011690,0.015150,-0.031307,-0.005367,-0.026706,-0.038395,-0.014578,0.259226,0.461344,0.497121,0.527406,0.553463,0.562120,0.666625,0.590340
0.005392,-0.013435,0.011678,-0.032905,-0.006251,-0.032063,-0.045040,-0.011624,0.256650,0.340632,0.370971,0.441444,0.448693,0.484036,0.649045,0.581331
0.008960,-0.019540,-0.001522,-0.044112,-0.007262,-0.036090,-0.049476,-0.011753,0.260990,0.336706,0.355339,0.434537,0.397814,0.437186,0.638941,0.574851
-0.011541,-0.025278,-0.000647,-0.039797,-0.006812,-0.035408,-0.052905,-0.013933,0.276250,0.338874,0.347663,0.398371,0.377594,0.406870,0.635406,0.571324
-0.001921,-0.020586,0.002695,-0.037356,-0.007543,-0.035296,-0.057118,-0.011034,0.287509,0.349150,0.333582,0.389739,0.369225,0.383459,0.640748,0.563495
-0.001820,-0.028144,0.000640,-0.042483,-0.006481,-0.033611,-0.058788,-0.011265,0.292136,0.364096,0.331329,0.393635,0.360343,0.368018,0.635980,0.562453
1_mean,2_mean,3_mean,4_mean,5_mean,6_mean,7_mean,8_mean,1_std,2_std,3_std,4_std,5_std,6_std,7_std,8_std
0.009741,-0.002616,0.010579,0.001565,-0.005153,-0.013569,-0.038261,-0.022797,0.292074,0.531805,0.563375,0.551105,0.574623,0.578002,0.668121,0.626882
0.011355,-0.000724,0.012105,-0.009989,-0.007476,-0.018159,-0.044804,-0.022361,0.258050,0.396638,0.425201,0.446922,0.466905,0.487832,0.650170,0.617216
0.005379,-0.008275,0.011065,-0.013646,-0.006865,-0.022288,-0.051534,-0.021410,0.251149,0.342533,0.368284,0.403645,0.404487,0.432124,0.643012,0.615103
-0.006851,-0.013631,0.011087,-0.017787,-0.006600,-0.023995,-0.056823,-0.021404,0.261205,0.329320,0.355455,0.390018,0.364639,0.395932,0.642680,0.611845
0.008030,-0.017666,0.007415,-0.025489,-0.005573,-0.025955,-0.059269,-0.021645,0.265335,0.325450,0.340309,0.382150,0.339501,0.368961,0.636323,0.609122
0.003923,-0.012121,0.012736,-0.017339,-0.005141,-0.025267,-0.060950,-0.020534,0.273765,0.330131,0.334204,0.357173,0.327413,0.349622,0.636749,0.605623
0.004488,-0.013275,0.005782,-0.018870,-0.005574,-0.025940,-0.063462,-0.019698,0.282662,0.331622,0.325138,0.351070,0.321494,0.335827,0.632938,0.602128
0.000178,-0.020081,0.008581,-0.021197,-0.004709,-0.026117,-0.065099,-0.018963,0.290137,0.333845,0.320461,0.347434,0.318456,0.326115,0.631423,0.601418
0.000083,-0.012280,0.007149,-0.017172,-0.005136,-0.025496,-0.066174,-0.019124,0.293616,0.329598,0.314815,0.349593,0.316798,0.318443,0.637295,0.599335
0.003391,-0.017751,0.012572,-0.017304,-0.005109,-0.025532,-0.066680,-0.019444,0.294510,0.330786,0.316320,0.348305,0.315456,0.311736,0.633636,0.598768
1_mean,2_mean,3_mean,4_mean,5_mean,6_mean,7_mean,8_mean,1_std,2_std,3_std,4_std,5_std,6_std,7_std,8_std
0.005192,-0.011690,0.015150,-0.031307,-0.005367,-0.026706,-0.038395,-0.014578,0.259226,0.461344,0.497121,0.527406,0.553463,0.562120,0.666625,0.590340
0.005392,-0.013435,0.011678,-0.032905,-0.006251,-0.032063,-0.045040,-0.011624,0.256650,0.340632,0.370971,0.441444,0.448693,0.484036,0.649045,0.581331
0.008960,-0.019540,-0.001522,-0.044112,-0.007262,-0.036090,-0.049476,-0.011753,0.260990,0.336706,0.355339,0.434537,0.397814,0.437186,0.638941,0.574851
-0.011541,-0.025278,-0.000647,-0.039797,-0.006812,-0.035408,-0.052905,-0.013933,0.276250,0.338874,0.347663,0.398371,0.377594,0.406870,0.635406,0.571324
-0.001921,-0.020586,0.002695,-0.037356,-0.007543,-0.035296,-0.057118,-0.011034,0.287509,0.349150,0.333582,0.389739,0.369225,0.383459,0.640748,0.563495
-0.001820,-0.028144,0.000640,-0.042483,-0.006481,-0.033611,-0.058788,-0.011265,0.292136,0.364096,0.331329,0.393635,0.360343,0.368018,0.635980,0.562453
0.002133,-0.022541,0.001786,-0.044640,-0.006249,-0.033117,-0.063990,-0.011422,0.297064,0.354575,0.332682,0.395808,0.358914,0.354847,0.639199,0.561722
-0.001337,-0.030746,0.001657,-0.039812,-0.007498,-0.032175,-0.065017,-0.012188,0.293679,0.349845,0.328173,0.398350,0.352226,0.345590,0.638313,0.560191
-0.000257,-0.024271,-0.000585,-0.036725,-0.006246,-0.032200,-0.066565,-0.012806,0.294547,0.354533,0.330819,0.400598,0.349648,0.338412,0.632978,0.559043
0.003984,-0.024942,0.005790,-0.042184,-0.007515,-0.031668,-0.068531,-0.012144,0.297611,0.351412,0.329210,0.412803,0.347549,0.332583,0.638053,0.558648
